time,Mdm2,p53,Mdm2_p53,Mdm2_mRNA,ARF,ARF_Mdm2,damDNA,p53deg,p53syn,mdm2deg,mdm2syn,Mdm2mRNAdeg,Mdm2mRNAsyn,totdamDNA
0.0,5.0,5.0,95.0,0.0,0.0,0.0,0.0,0.0,0.0,0.0,0.0,0.0,0.0,0.0
1.001001001,5.0,5.0,95.0,0.0,0.0,0.0,0.0,0.0,0.0,0.0,0.0,0.0,0.0,0.0
2.002002002,5.0,5.0,95.0,0.0,0.0,0.0,0.0,0.0,0.0,0.0,0.0,0.0,0.0,0.0
3.003003003,5.0,5.0,95.0,0.0,0.0,0.0,0.0,0.0,0.0,0.0,0.0,0.0,0.0,0.0
4.004004004,5.0,5.0,95.0,0.0,0.0,0.0,0.0,0.0,0.0,0.0,0.0,0.0,0.0,0.0
5.00500500501,5.0,5.0,95.0,0.0,0.0,0.0,0.0,0.0,0.0,0.0,0.0,0.0,0.0,0.0
6.00600600601,5.0,5.0,95.0,0.0,0.0,0.0,0.0,0.0,0.0,0.0,0.0,0.0,0.0,0.0
7.00700700701,5.0,5.0,95.0,0.0,0.0,0.0,0.0,0.0,0.0,0.0,0.0,0.0,0.0,0.0
8.00800800801,5.0,5.0,95.0,0.0,0.0,0.0,0.0,0.0,0.0,0.0,0.0,0.0,0.0,0.0
9.00900900901,5.0,7.0,95.0,0.0,0.0,0.0,0.0,0.0,2.0,0.0,0.0,0.0,0.0,0.0
10.01001001,5.0,7.0,95.0,0.0,0.0,0.0,0.0,0.0,2.0,0.0,0.0,0.0,0.0,0.0
11.011011011,5.0,7.0,95.0,0.0,0.0,0.0,0.0,0.0,2.0,0.0,0.0,0.0,0.0,0.0
12.012012012,5.0,7.0,95.0,0.0,0.0,0.0,0.0,0.0,2.0,0.0,0.0,0.0,0.0,0.0
13.013013013,5.0,7.0,95.0,0.0,0.0,0.0,0.0,0.0,2.0,0.0,0.0,0.0,0.0,0.0
14.014014014,5.0,7.0,95.0,0.0,0.0,0.0,0.0,0.0,2.0,0.0,0.0,0.0,0.0,0.0
15.015015015,5.0,7.0,95.0,0.0,0.0,0.0,0.0,0.0,2.0,0.0,0.0,0.0,0.0,0.0
16.016016016,5.0,7.0,95.0,0.0,0.0,0.0,0.0,0.0,2.0,0.0,0.0,0.0,0.0,0.0
17.017017017,5.0,7.0,95.0,0.0,0.0,0.0,0.0,0.0,2.0,0.0,0.0,0.0,0.0,0.0
18.018018018,5.0,8.0,95.0,0.0,0.0,0.0,0.0,0.0,3.0,0.0,0.0,0.0,0.0,0.0
19.019019019,5.0,8.0,95.0,0.0,0.0,0.0,0.0,0.0,3.0,0.0,0.0,0.0,0.0,0.0
20.02002002,5.0,8.0,95.0,0.0,0.0,0.0,0.0,0.0,3.0,0.0,0.0,0.0,0.0,0.0
21.021021021,5.0,8.0,95.0,0.0,0.0,0.0,0.0,0.0,3.0,0.0,0.0,0.0,0.0,0.0
22.022022022,6.0,8.0,94.0,0.0,0.0,0.0,0.0,1.0,3.0,0.0,0.0,0.0,0.0,0.0
23.023023023,6.0,8.0,94.0,0.0,0.0,0.0,0.0,1.0,3.0,0.0,0.0,0.0,0.0,0.0
24.024024024,6.0,8.0,94.0,0.0,0.0,0.0,0.0,1.0,3.0,0.0,0.0,0.0,0.0,0.0
25.025025025,6.0,8.0,94.0,0.0,0.0,0.0,0.0,1.0,3.0,0.0,0.0,0.0,0.0,0.0
26.026026026,6.0,8.0,94.0,0.0,0.0,0.0,0.0,1.0,3.0,0.0,0.0,0.0,0.0,0.0
27.027027027,7.0,8.0,93.0,0.0,0.0,0.0,0.0,2.0,3.0,0.0,0.0,0.0,0.0,0.0
28.028028028,7.0,9.0,93.0,0.0,0.0,0.0,0.0,2.0,4.0,0.0,0.0,0.0,0.0,0.0
29.029029029,7.0,9.0,93.0,0.0,0.0,0.0,0.0,2.0,4.0,0.0,0.0,0.0,0.0,0.0
30.03003003,7.0,9.0,93.0,0.0,0.0,0.0,0.0,2.0,4.0,0.0,0.0,0.0,0.0,0.0
31.031031031,7.0,9.0,93.0,0.0,0.0,0.0,0.0,2.0,4.0,0.0,0.0,0.0,0.0,0.0
32.032032032,6.0,8.0,94.0,0.0,0.0,0.0,0.0,2.0,4.0,0.0,0.0,0.0,0.0,0.0
33.033033033,6.0,9.0,94.0,0.0,0.0,0.0,0.0,2.0,5.0,0.0,0.0,0.0,0.0,0.0
34.034034034,6.0,9.0,94.0,0.0,0.0,0.0,0.0,2.0,5.0,0.0,0.0,0.0,0.0,0.0
35.035035035,6.0,9.0,94.0,0.0,0.0,0.0,0.0,2.0,5.0,0.0,0.0,0.0,0.0,0.0
36.036036036,6.0,9.0,94.0,0.0,0.0,0.0,0.0,2.0,5.0,0.0,0.0,0.0,0.0,0.0
37.037037037,6.0,9.0,94.0,0.0,0.0,0.0,0.0,2.0,5.0,0.0,0.0,0.0,0.0,0.0
38.038038038,6.0,9.0,94.0,0.0,0.0,0.0,0.0,2.0,5.0,0.0,0.0,0.0,0.0,0.0
39.039039039,6.0,9.0,94.0,0.0,0.0,0.0,0.0,2.0,5.0,0.0,0.0,0.0,0.0,0.0
40.04004004,6.0,9.0,94.0,0.0,0.0,0.0,0.0,2.0,5.0,0.0,0.0,0.0,0.0,0.0
41.041041041,6.0,9.0,94.0,0.0,0.0,0.0,0.0,2.0,5.0,0.0,0.0,0.0,0.0,0.0
42.042042042,6.0,9.0,94.0,0.0,0.0,0.0,0.0,2.0,5.0,0.0,0.0,0.0,0.0,0.0
43.043043043,6.0,9.0,94.0,0.0,0.0,0.0,0.0,2.0,5.0,0.0,0.0,0.0,0.0,0.0
44.044044044,6.0,9.0,94.0,0.0,0.0,0.0,0.0,2.0,5.0,0.0,0.0,0.0,0.0,0.0
45.045045045,6.0,9.0,94.0,0.0,0.0,0.0,0.0,2.0,5.0,0.0,0.0,0.0,0.0,0.0
46.046046046,6.0,9.0,94.0,0.0,0.0,0.0,0.0,2.0,5.0,0.0,0.0,0.0,0.0,0.0
47.047047047,6.0,9.0,94.0,0.0,0.0,0.0,0.0,2.0,5.0,0.0,0.0,0.0,0.0,0.0
48.048048048,7.0,9.0,93.0,0.0,0.0,0.0,0.0,3.0,5.0,0.0,0.0,0.0,0.0,0.0
49.049049049,8.0,10.0,92.0,0.0,0.0,0.0,0.0,4.0,6.0,0.0,0.0,0.0,0.0,0.0
50.0500500501,8.0,10.0,92.0,0.0,0.0,0.0,0.0,4.0,6.0,0.0,0.0,0.0,0.0,0.0
51.0510510511,8.0,10.0,92.0,0.0,0.0,0.0,0.0,4.0,6.0,0.0,0.0,0.0,0.0,0.0
52.0520520521,8.0,10.0,92.0,0.0,0.0,0.0,0.0,4.0,6.0,0.0,0.0,0.0,0.0,0.0
53.0530530531,8.0,10.0,92.0,0.0,0.0,0.0,0.0,4.0,6.0,0.0,0.0,0.0,0.0,0.0
54.0540540541,8.0,10.0,92.0,0.0,0.0,0.0,0.0,4.0,6.0,0.0,0.0,0.0,0.0,0.0
55.0550550551,8.0,10.0,92.0,0.0,0.0,0.0,0.0,4.0,6.0,0.0,0.0,0.0,0.0,0.0
56.0560560561,8.0,10.0,92.0,0.0,0.0,0.0,0.0,4.0,6.0,0.0,0.0,0.0,0.0,0.0
57.0570570571,8.0,11.0,92.0,0.0,0.0,0.0,0.0,4.0,7.0,0.0,0.0,0.0,0.0,0.0
58.0580580581,8.0,11.0,92.0,0.0,0.0,0.0,0.0,4.0,7.0,0.0,0.0,0.0,0.0,0.0
59.0590590591,8.0,11.0,92.0,0.0,0.0,0.0,0.0,4.0,7.0,0.0,0.0,0.0,0.0,0.0
60.0600600601,8.0,11.0,92.0,0.0,0.0,0.0,0.0,4.0,7.0,0.0,0.0,0.0,0.0,0.0
61.0610610611,8.0,11.0,92.0,0.0,0.0,0.0,0.0,4.0,7.0,0.0,0.0,0.0,0.0,0.0
62.0620620621,8.0,11.0,92.0,0.0,0.0,0.0,0.0,4.0,7.0,0.0,0.0,0.0,0.0,0.0
63.0630630631,8.0,11.0,92.0,0.0,0.0,0.0,0.0,4.0,7.0,0.0,0.0,0.0,0.0,0.0
64.0640640641,7.0,10.0,93.0,0.0,0.0,0.0,0.0,4.0,7.0,0.0,0.0,0.0,0.0,0.0
65.0650650651,7.0,10.0,93.0,0.0,0.0,0.0,0.0,4.0,7.0,0.0,0.0,0.0,0.0,0.0
66.0660660661,7.0,10.0,93.0,0.0,0.0,0.0,0.0,4.0,7.0,0.0,0.0,0.0,0.0,0.0
67.0670670671,7.0,10.0,93.0,0.0,0.0,0.0,0.0,4.0,7.0,0.0,0.0,0.0,0.0,0.0
68.0680680681,7.0,10.0,93.0,0.0,0.0,0.0,0.0,4.0,7.0,0.0,0.0,0.0,0.0,0.0
69.0690690691,7.0,10.0,93.0,0.0,0.0,0.0,0.0,4.0,7.0,0.0,0.0,0.0,0.0,0.0
70.0700700701,8.0,10.0,92.0,0.0,0.0,0.0,0.0,5.0,7.0,0.0,0.0,0.0,0.0,0.0
71.0710710711,8.0,10.0,92.0,0.0,0.0,0.0,0.0,5.0,7.0,0.0,0.0,0.0,0.0,0.0
72.0720720721,8.0,10.0,92.0,0.0,0.0,0.0,0.0,5.0,7.0,0.0,0.0,0.0,0.0,0.0
73.0730730731,8.0,10.0,92.0,0.0,0.0,0.0,0.0,5.0,7.0,0.0,0.0,0.0,0.0,0.0
74.0740740741,9.0,10.0,91.0,0.0,0.0,0.0,0.0,6.0,7.0,0.0,0.0,0.0,0.0,0.0
75.0750750751,9.0,10.0,91.0,0.0,0.0,0.0,0.0,6.0,7.0,0.0,0.0,0.0,0.0,0.0
76.0760760761,9.0,10.0,91.0,0.0,0.0,0.0,0.0,6.0,7.0,0.0,0.0,0.0,0.0,0.0
77.0770770771,9.0,10.0,91.0,0.0,0.0,0.0,0.0,6.0,7.0,0.0,0.0,0.0,0.0,0.0
78.0780780781,9.0,10.0,91.0,0.0,0.0,0.0,0.0,6.0,7.0,0.0,0.0,0.0,0.0,0.0
79.0790790791,9.0,11.0,91.0,0.0,0.0,0.0,0.0,6.0,8.0,0.0,0.0,0.0,0.0,0.0
80.0800800801,9.0,11.0,91.0,0.0,0.0,0.0,0.0,6.0,8.0,0.0,0.0,0.0,0.0,0.0
81.0810810811,9.0,11.0,91.0,0.0,0.0,0.0,0.0,6.0,8.0,0.0,0.0,0.0,0.0,0.0
82.0820820821,9.0,12.0,91.0,0.0,0.0,0.0,0.0,6.0,9.0,0.0,0.0,0.0,0.0,0.0
83.0830830831,9.0,12.0,91.0,0.0,0.0,0.0,0.0,6.0,9.0,0.0,0.0,0.0,0.0,0.0
84.0840840841,8.0,11.0,92.0,0.0,0.0,0.0,0.0,6.0,9.0,0.0,0.0,0.0,0.0,0.0
85.0850850851,7.0,10.0,93.0,0.0,0.0,0.0,0.0,6.0,9.0,0.0,0.0,0.0,0.0,0.0
86.0860860861,6.0,9.0,94.0,0.0,0.0,0.0,0.0,6.0,9.0,0.0,0.0,0.0,0.0,0.0
87.0870870871,6.0,9.0,94.0,0.0,0.0,0.0,0.0,6.0,9.0,0.0,0.0,0.0,0.0,0.0
88.0880880881,6.0,9.0,94.0,0.0,0.0,0.0,0.0,6.0,9.0,0.0,0.0,0.0,0.0,0.0
89.0890890891,6.0,9.0,94.0,0.0,0.0,0.0,0.0,6.0,9.0,0.0,0.0,0.0,0.0,0.0
90.0900900901,5.0,8.0,95.0,0.0,0.0,0.0,0.0,6.0,9.0,0.0,0.0,0.0,0.0,0.0
91.0910910911,5.0,8.0,95.0,0.0,0.0,0.0,0.0,6.0,9.0,0.0,0.0,0.0,0.0,0.0
92.0920920921,5.0,8.0,95.0,0.0,0.0,0.0,0.0,6.0,9.0,0.0,0.0,0.0,0.0,0.0
93.0930930931,4.0,7.0,96.0,0.0,0.0,0.0,0.0,6.0,9.0,0.0,0.0,0.0,0.0,0.0
94.0940940941,4.0,7.0,96.0,0.0,0.0,0.0,0.0,6.0,9.0,0.0,0.0,0.0,0.0,0.0
95.0950950951,4.0,7.0,96.0,0.0,0.0,0.0,0.0,6.0,9.0,0.0,0.0,0.0,0.0,0.0
96.0960960961,4.0,7.0,96.0,0.0,0.0,0.0,0.0,6.0,9.0,0.0,0.0,0.0,0.0,0.0
97.0970970971,4.0,8.0,96.0,0.0,0.0,0.0,0.0,6.0,10.0,0.0,0.0,0.0,0.0,0.0
98.0980980981,4.0,8.0,96.0,0.0,0.0,0.0,0.0,6.0,10.0,0.0,0.0,0.0,0.0,0.0
99.0990990991,5.0,8.0,95.0,0.0,0.0,0.0,0.0,7.0,10.0,0.0,0.0,0.0,0.0,0.0
100.1001001,5.0,8.0,95.0,0.0,0.0,0.0,0.0,7.0,10.0,0.0,0.0,0.0,0.0,0.0
101.101101101,5.0,8.0,95.0,0.0,0.0,0.0,0.0,7.0,10.0,0.0,0.0,0.0,0.0,0.0
102.102102102,5.0,8.0,95.0,0.0,0.0,0.0,0.0,7.0,10.0,0.0,0.0,0.0,0.0,0.0
103.103103103,5.0,8.0,95.0,0.0,0.0,0.0,0.0,7.0,10.0,0.0,0.0,0.0,0.0,0.0
104.104104104,5.0,8.0,95.0,0.0,0.0,0.0,0.0,7.0,10.0,0.0,0.0,0.0,0.0,0.0
105.105105105,5.0,8.0,95.0,0.0,0.0,0.0,0.0,7.0,10.0,0.0,0.0,0.0,0.0,0.0
106.106106106,5.0,8.0,95.0,0.0,0.0,0.0,0.0,7.0,10.0,0.0,0.0,0.0,0.0,0.0
107.107107107,5.0,8.0,95.0,0.0,0.0,0.0,0.0,7.0,10.0,0.0,0.0,0.0,0.0,0.0
108.108108108,5.0,8.0,95.0,0.0,0.0,0.0,0.0,7.0,10.0,0.0,0.0,0.0,0.0,0.0
109.109109109,6.0,8.0,94.0,0.0,0.0,0.0,0.0,8.0,10.0,0.0,0.0,0.0,0.0,0.0
110.11011011,6.0,8.0,94.0,0.0,0.0,0.0,0.0,8.0,10.0,0.0,0.0,0.0,0.0,0.0
111.111111111,6.0,8.0,94.0,0.0,0.0,0.0,0.0,8.0,10.0,0.0,0.0,0.0,0.0,0.0
112.112112112,6.0,9.0,94.0,0.0,0.0,0.0,0.0,8.0,11.0,0.0,0.0,0.0,0.0,0.0
113.113113113,6.0,9.0,94.0,0.0,0.0,0.0,0.0,8.0,11.0,0.0,0.0,0.0,0.0,0.0
114.114114114,6.0,9.0,94.0,0.0,0.0,0.0,0.0,8.0,11.0,0.0,0.0,0.0,0.0,0.0
115.115115115,6.0,9.0,94.0,0.0,0.0,0.0,0.0,8.0,11.0,0.0,0.0,0.0,0.0,0.0
116.116116116,8.0,9.0,92.0,0.0,0.0,0.0,0.0,10.0,11.0,0.0,0.0,0.0,0.0,0.0
117.117117117,8.0,9.0,92.0,0.0,0.0,0.0,0.0,10.0,11.0,0.0,0.0,0.0,0.0,0.0
118.118118118,8.0,9.0,92.0,0.0,0.0,0.0,0.0,10.0,11.0,0.0,0.0,0.0,0.0,0.0
119.119119119,8.0,9.0,92.0,0.0,0.0,0.0,0.0,10.0,11.0,0.0,0.0,0.0,0.0,0.0
120.12012012,8.0,9.0,92.0,0.0,0.0,0.0,0.0,10.0,11.0,0.0,0.0,0.0,0.0,0.0
121.121121121,8.0,9.0,92.0,0.0,0.0,0.0,0.0,10.0,11.0,0.0,0.0,0.0,0.0,0.0
122.122122122,8.0,9.0,92.0,0.0,0.0,0.0,0.0,10.0,11.0,0.0,0.0,0.0,0.0,0.0
123.123123123,9.0,9.0,91.0,0.0,0.0,0.0,0.0,11.0,11.0,0.0,0.0,0.0,0.0,0.0
124.124124124,9.0,9.0,91.0,0.0,0.0,0.0,0.0,11.0,11.0,0.0,0.0,0.0,0.0,0.0
125.125125125,9.0,9.0,91.0,0.0,0.0,0.0,0.0,11.0,11.0,0.0,0.0,0.0,0.0,0.0
126.126126126,9.0,9.0,91.0,0.0,0.0,0.0,0.0,11.0,11.0,0.0,0.0,0.0,0.0,0.0
127.127127127,10.0,9.0,90.0,0.0,0.0,0.0,0.0,12.0,11.0,0.0,0.0,0.0,0.0,0.0
128.128128128,11.0,9.0,89.0,0.0,0.0,0.0,0.0,13.0,11.0,0.0,0.0,0.0,0.0,0.0
129.129129129,11.0,9.0,89.0,0.0,0.0,0.0,0.0,13.0,11.0,0.0,0.0,0.0,0.0,0.0
130.13013013,11.0,9.0,89.0,0.0,0.0,0.0,0.0,13.0,11.0,0.0,0.0,0.0,0.0,0.0
131.131131131,11.0,9.0,89.0,0.0,0.0,0.0,0.0,13.0,11.0,0.0,0.0,0.0,0.0,0.0
132.132132132,13.0,10.0,87.0,0.0,0.0,0.0,0.0,15.0,12.0,0.0,0.0,0.0,0.0,0.0
133.133133133,13.0,10.0,87.0,0.0,0.0,0.0,0.0,15.0,12.0,0.0,0.0,0.0,0.0,0.0
134.134134134,13.0,10.0,87.0,0.0,0.0,0.0,0.0,15.0,12.0,0.0,0.0,0.0,0.0,0.0
135.135135135,13.0,10.0,86.0,0.0,0.0,0.0,0.0,16.0,12.0,1.0,0.0,0.0,0.0,0.0
136.136136136,13.0,10.0,86.0,0.0,0.0,0.0,0.0,16.0,12.0,1.0,0.0,0.0,0.0,0.0
137.137137137,13.0,10.0,86.0,0.0,0.0,0.0,0.0,16.0,12.0,1.0,0.0,0.0,0.0,0.0
138.138138138,14.0,10.0,85.0,0.0,0.0,0.0,0.0,17.0,12.0,1.0,0.0,0.0,0.0,0.0
139.139139139,15.0,10.0,84.0,0.0,0.0,0.0,0.0,18.0,12.0,1.0,0.0,0.0,0.0,0.0
140.14014014,14.0,9.0,85.0,0.0,0.0,0.0,0.0,18.0,12.0,1.0,0.0,0.0,0.0,0.0
141.141141141,14.0,9.0,85.0,0.0,0.0,0.0,0.0,18.0,12.0,1.0,0.0,0.0,0.0,0.0
142.142142142,14.0,9.0,85.0,0.0,0.0,0.0,0.0,18.0,12.0,1.0,0.0,0.0,0.0,0.0
143.143143143,14.0,9.0,85.0,0.0,0.0,0.0,0.0,18.0,12.0,1.0,0.0,0.0,0.0,0.0
144.144144144,15.0,9.0,84.0,0.0,0.0,0.0,0.0,19.0,12.0,1.0,0.0,0.0,0.0,0.0
145.145145145,15.0,9.0,84.0,0.0,0.0,0.0,0.0,19.0,12.0,1.0,0.0,0.0,0.0,0.0
146.146146146,15.0,9.0,84.0,0.0,0.0,0.0,0.0,19.0,12.0,1.0,0.0,0.0,0.0,0.0
147.147147147,15.0,9.0,84.0,0.0,0.0,0.0,0.0,19.0,12.0,1.0,0.0,0.0,0.0,0.0
148.148148148,15.0,9.0,84.0,0.0,0.0,0.0,0.0,19.0,12.0,1.0,0.0,0.0,0.0,0.0
149.149149149,15.0,9.0,84.0,0.0,0.0,0.0,0.0,19.0,12.0,1.0,0.0,0.0,0.0,0.0
150.15015015,15.0,9.0,84.0,0.0,0.0,0.0,0.0,19.0,12.0,1.0,0.0,0.0,0.0,0.0
151.151151151,15.0,9.0,84.0,0.0,0.0,0.0,0.0,19.0,12.0,1.0,0.0,0.0,0.0,0.0
152.152152152,15.0,9.0,84.0,0.0,0.0,0.0,0.0,19.0,12.0,1.0,0.0,0.0,0.0,0.0
153.153153153,15.0,9.0,84.0,0.0,0.0,0.0,0.0,19.0,12.0,1.0,0.0,0.0,0.0,0.0
154.154154154,14.0,8.0,85.0,0.0,0.0,0.0,0.0,19.0,12.0,1.0,0.0,0.0,0.0,0.0
155.155155155,14.0,8.0,85.0,0.0,0.0,0.0,0.0,19.0,12.0,1.0,0.0,0.0,0.0,0.0
156.156156156,14.0,8.0,85.0,0.0,0.0,0.0,0.0,19.0,12.0,1.0,0.0,0.0,0.0,0.0
157.157157157,14.0,8.0,85.0,0.0,0.0,0.0,0.0,19.0,12.0,1.0,0.0,0.0,0.0,0.0
158.158158158,12.0,7.0,86.0,0.0,0.0,0.0,0.0,19.0,12.0,2.0,0.0,0.0,0.0,0.0
159.159159159,11.0,6.0,87.0,0.0,0.0,0.0,0.0,19.0,12.0,2.0,0.0,0.0,0.0,0.0
160.16016016,12.0,6.0,86.0,0.0,0.0,0.0,0.0,20.0,12.0,2.0,0.0,0.0,0.0,0.0
161.161161161,12.0,6.0,86.0,0.0,0.0,0.0,0.0,20.0,12.0,2.0,0.0,0.0,0.0,0.0
162.162162162,12.0,6.0,86.0,0.0,0.0,0.0,0.0,20.0,12.0,2.0,0.0,0.0,0.0,0.0
163.163163163,12.0,6.0,86.0,0.0,0.0,0.0,0.0,20.0,12.0,2.0,0.0,0.0,0.0,0.0
164.164164164,12.0,6.0,86.0,0.0,0.0,0.0,0.0,20.0,12.0,2.0,0.0,0.0,0.0,0.0
165.165165165,12.0,6.0,86.0,0.0,0.0,0.0,0.0,20.0,12.0,2.0,0.0,0.0,0.0,0.0
166.166166166,12.0,6.0,86.0,0.0,0.0,0.0,0.0,20.0,12.0,2.0,0.0,0.0,0.0,0.0
167.167167167,12.0,6.0,86.0,0.0,0.0,0.0,0.0,20.0,12.0,2.0,0.0,0.0,0.0,0.0
168.168168168,12.0,6.0,86.0,0.0,0.0,0.0,0.0,20.0,12.0,2.0,0.0,0.0,0.0,0.0
169.169169169,12.0,6.0,86.0,0.0,0.0,0.0,0.0,20.0,12.0,2.0,0.0,0.0,0.0,0.0
170.17017017,12.0,6.0,86.0,0.0,0.0,0.0,0.0,20.0,12.0,2.0,0.0,0.0,0.0,0.0
171.171171171,12.0,6.0,86.0,0.0,0.0,0.0,0.0,20.0,12.0,2.0,0.0,0.0,0.0,0.0
172.172172172,12.0,6.0,86.0,0.0,0.0,0.0,0.0,20.0,12.0,2.0,0.0,0.0,0.0,0.0
173.173173173,12.0,6.0,86.0,0.0,0.0,0.0,0.0,20.0,12.0,2.0,0.0,0.0,0.0,0.0
174.174174174,12.0,6.0,86.0,0.0,0.0,0.0,0.0,20.0,12.0,2.0,0.0,0.0,0.0,0.0
175.175175175,11.0,5.0,87.0,0.0,0.0,0.0,0.0,20.0,12.0,2.0,0.0,0.0,0.0,0.0
176.176176176,11.0,5.0,87.0,0.0,0.0,0.0,0.0,20.0,12.0,2.0,0.0,0.0,0.0,0.0
177.177177177,12.0,6.0,86.0,0.0,0.0,0.0,0.0,21.0,13.0,2.0,0.0,0.0,0.0,0.0
178.178178178,12.0,6.0,86.0,0.0,0.0,0.0,0.0,21.0,13.0,2.0,0.0,0.0,0.0,0.0
179.179179179,12.0,6.0,86.0,0.0,0.0,0.0,0.0,21.0,13.0,2.0,0.0,0.0,0.0,0.0
180.18018018,12.0,6.0,86.0,0.0,0.0,0.0,0.0,21.0,13.0,2.0,0.0,0.0,0.0,0.0
181.181181181,12.0,6.0,86.0,0.0,0.0,0.0,0.0,21.0,13.0,2.0,0.0,0.0,0.0,0.0
182.182182182,12.0,6.0,86.0,0.0,0.0,0.0,0.0,21.0,13.0,2.0,0.0,0.0,0.0,0.0
183.183183183,12.0,6.0,86.0,0.0,0.0,0.0,0.0,21.0,13.0,2.0,0.0,0.0,0.0,0.0
184.184184184,12.0,6.0,86.0,0.0,0.0,0.0,0.0,21.0,13.0,2.0,0.0,0.0,0.0,0.0
185.185185185,12.0,6.0,86.0,0.0,0.0,0.0,0.0,21.0,13.0,2.0,0.0,0.0,0.0,0.0
186.186186186,11.0,5.0,87.0,0.0,0.0,0.0,0.0,21.0,13.0,2.0,0.0,0.0,0.0,0.0
187.187187187,11.0,5.0,87.0,0.0,0.0,0.0,0.0,21.0,13.0,2.0,0.0,0.0,0.0,0.0
188.188188188,11.0,5.0,87.0,0.0,0.0,0.0,0.0,21.0,13.0,2.0,0.0,0.0,0.0,0.0
189.189189189,12.0,5.0,86.0,0.0,0.0,0.0,0.0,22.0,13.0,2.0,0.0,0.0,0.0,0.0
190.19019019,12.0,5.0,86.0,0.0,0.0,0.0,0.0,22.0,13.0,2.0,0.0,0.0,0.0,0.0
191.191191191,12.0,5.0,86.0,0.0,0.0,0.0,0.0,22.0,13.0,2.0,0.0,0.0,0.0,0.0
192.192192192,12.0,5.0,86.0,0.0,0.0,0.0,0.0,22.0,13.0,2.0,0.0,0.0,0.0,0.0
193.193193193,12.0,5.0,86.0,0.0,0.0,0.0,0.0,22.0,13.0,2.0,0.0,0.0,0.0,0.0
194.194194194,12.0,5.0,86.0,0.0,0.0,0.0,0.0,22.0,13.0,2.0,0.0,0.0,0.0,0.0
195.195195195,12.0,5.0,86.0,0.0,0.0,0.0,0.0,22.0,13.0,2.0,0.0,0.0,0.0,0.0
196.196196196,12.0,5.0,86.0,0.0,0.0,0.0,0.0,22.0,13.0,2.0,0.0,0.0,0.0,0.0
197.197197197,12.0,5.0,86.0,0.0,0.0,0.0,0.0,22.0,13.0,2.0,0.0,0.0,0.0,0.0
198.198198198,12.0,5.0,86.0,0.0,0.0,0.0,0.0,22.0,13.0,2.0,0.0,0.0,0.0,0.0
199.199199199,12.0,5.0,86.0,0.0,0.0,0.0,0.0,22.0,13.0,2.0,0.0,0.0,0.0,0.0
200.2002002,12.0,6.0,86.0,0.0,0.0,0.0,0.0,22.0,14.0,2.0,0.0,0.0,0.0,0.0
201.201201201,12.0,6.0,86.0,0.0,0.0,0.0,0.0,22.0,14.0,2.0,0.0,0.0,0.0,0.0
202.202202202,12.0,6.0,86.0,0.0,0.0,0.0,0.0,22.0,14.0,2.0,0.0,0.0,0.0,0.0
203.203203203,12.0,6.0,86.0,0.0,0.0,0.0,0.0,22.0,14.0,2.0,0.0,0.0,0.0,0.0
204.204204204,12.0,6.0,86.0,0.0,0.0,0.0,0.0,22.0,14.0,2.0,0.0,0.0,0.0,0.0
205.205205205,12.0,6.0,86.0,0.0,0.0,0.0,0.0,22.0,14.0,2.0,0.0,0.0,0.0,0.0
206.206206206,12.0,6.0,86.0,0.0,0.0,0.0,0.0,22.0,14.0,2.0,0.0,0.0,0.0,0.0
207.207207207,12.0,7.0,86.0,0.0,0.0,0.0,0.0,22.0,15.0,2.0,0.0,0.0,0.0,0.0
208.208208208,12.0,7.0,86.0,0.0,0.0,0.0,0.0,22.0,15.0,2.0,0.0,0.0,0.0,0.0
209.209209209,12.0,7.0,86.0,0.0,0.0,0.0,0.0,22.0,15.0,2.0,0.0,0.0,0.0,0.0
210.21021021,12.0,7.0,86.0,0.0,0.0,0.0,0.0,22.0,15.0,2.0,0.0,0.0,0.0,0.0
211.211211211,12.0,7.0,86.0,0.0,0.0,0.0,0.0,22.0,15.0,2.0,0.0,0.0,0.0,0.0
212.212212212,13.0,7.0,85.0,0.0,0.0,0.0,0.0,23.0,15.0,2.0,0.0,0.0,0.0,0.0
213.213213213,13.0,7.0,85.0,0.0,0.0,0.0,0.0,23.0,15.0,2.0,0.0,0.0,0.0,0.0
214.214214214,13.0,7.0,85.0,0.0,0.0,0.0,0.0,23.0,15.0,2.0,0.0,0.0,0.0,0.0
215.215215215,13.0,7.0,85.0,0.0,0.0,0.0,0.0,23.0,15.0,2.0,0.0,0.0,0.0,0.0
216.216216216,14.0,7.0,84.0,0.0,0.0,0.0,0.0,24.0,15.0,2.0,0.0,0.0,0.0,0.0
217.217217217,14.0,7.0,84.0,0.0,0.0,0.0,0.0,24.0,15.0,2.0,0.0,0.0,0.0,0.0
218.218218218,14.0,7.0,84.0,0.0,0.0,0.0,0.0,24.0,15.0,2.0,0.0,0.0,0.0,0.0
219.219219219,14.0,7.0,84.0,0.0,0.0,0.0,0.0,24.0,15.0,2.0,0.0,0.0,0.0,0.0
220.22022022,14.0,7.0,84.0,0.0,0.0,0.0,0.0,24.0,15.0,2.0,0.0,0.0,0.0,0.0
221.221221221,14.0,7.0,84.0,0.0,0.0,0.0,0.0,24.0,15.0,2.0,0.0,0.0,0.0,0.0
222.222222222,14.0,6.0,84.0,0.0,0.0,0.0,0.0,25.0,15.0,2.0,0.0,0.0,0.0,0.0
223.223223223,14.0,6.0,84.0,0.0,0.0,0.0,0.0,25.0,15.0,2.0,0.0,0.0,0.0,0.0
224.224224224,14.0,6.0,84.0,0.0,0.0,0.0,0.0,25.0,15.0,2.0,0.0,0.0,0.0,0.0
225.225225225,14.0,6.0,84.0,0.0,0.0,0.0,0.0,25.0,15.0,2.0,0.0,0.0,0.0,0.0
226.226226226,14.0,6.0,84.0,0.0,0.0,0.0,0.0,25.0,15.0,2.0,0.0,0.0,0.0,0.0
227.227227227,14.0,6.0,84.0,0.0,0.0,0.0,0.0,25.0,15.0,2.0,0.0,0.0,0.0,0.0
228.228228228,14.0,6.0,84.0,0.0,0.0,0.0,0.0,25.0,15.0,2.0,0.0,0.0,0.0,0.0
229.229229229,14.0,6.0,84.0,0.0,0.0,0.0,0.0,25.0,15.0,2.0,0.0,0.0,0.0,0.0
230.23023023,14.0,6.0,84.0,0.0,0.0,0.0,0.0,25.0,15.0,2.0,0.0,0.0,0.0,0.0
231.231231231,15.0,6.0,83.0,0.0,0.0,0.0,0.0,26.0,15.0,2.0,0.0,0.0,0.0,0.0
232.232232232,14.0,5.0,84.0,0.0,0.0,0.0,0.0,26.0,15.0,2.0,0.0,0.0,0.0,0.0
233.233233233,14.0,5.0,84.0,0.0,0.0,0.0,0.0,26.0,15.0,2.0,0.0,0.0,0.0,0.0
234.234234234,14.0,5.0,84.0,0.0,0.0,0.0,0.0,26.0,15.0,2.0,0.0,0.0,0.0,0.0
235.235235235,12.0,3.0,86.0,0.0,0.0,0.0,0.0,26.0,15.0,2.0,0.0,0.0,0.0,0.0
236.236236236,12.0,3.0,86.0,0.0,0.0,0.0,0.0,26.0,15.0,2.0,0.0,0.0,0.0,0.0
237.237237237,12.0,3.0,86.0,0.0,0.0,0.0,0.0,26.0,15.0,2.0,0.0,0.0,0.0,0.0
238.238238238,11.0,2.0,87.0,0.0,0.0,0.0,0.0,26.0,15.0,2.0,0.0,0.0,0.0,0.0
239.239239239,11.0,2.0,87.0,0.0,0.0,0.0,0.0,26.0,15.0,2.0,0.0,0.0,0.0,0.0
240.24024024,11.0,2.0,87.0,0.0,0.0,0.0,0.0,26.0,15.0,2.0,0.0,0.0,0.0,0.0
241.241241241,11.0,3.0,87.0,0.0,0.0,0.0,0.0,26.0,16.0,2.0,0.0,0.0,0.0,0.0
242.242242242,11.0,3.0,87.0,0.0,0.0,0.0,0.0,26.0,16.0,2.0,0.0,0.0,0.0,0.0
243.243243243,11.0,3.0,87.0,0.0,0.0,0.0,0.0,26.0,16.0,2.0,0.0,0.0,0.0,0.0
244.244244244,11.0,3.0,87.0,0.0,0.0,0.0,0.0,26.0,16.0,2.0,0.0,0.0,0.0,0.0
245.245245245,11.0,3.0,87.0,0.0,0.0,0.0,0.0,26.0,16.0,2.0,0.0,0.0,0.0,0.0
246.246246246,11.0,3.0,87.0,0.0,0.0,0.0,0.0,26.0,16.0,2.0,0.0,0.0,0.0,0.0
247.247247247,11.0,4.0,87.0,0.0,0.0,0.0,0.0,26.0,17.0,2.0,0.0,0.0,0.0,0.0
248.248248248,11.0,4.0,87.0,0.0,0.0,0.0,0.0,26.0,17.0,2.0,0.0,0.0,0.0,0.0
249.249249249,11.0,4.0,87.0,0.0,0.0,0.0,0.0,26.0,17.0,2.0,0.0,0.0,0.0,0.0
250.25025025,11.0,4.0,87.0,0.0,0.0,0.0,0.0,26.0,17.0,2.0,0.0,0.0,0.0,0.0
251.251251251,11.0,4.0,87.0,0.0,0.0,0.0,0.0,26.0,17.0,2.0,0.0,0.0,0.0,0.0
252.252252252,11.0,4.0,87.0,0.0,0.0,0.0,0.0,26.0,17.0,2.0,0.0,0.0,0.0,0.0
253.253253253,11.0,4.0,87.0,0.0,0.0,0.0,0.0,26.0,17.0,2.0,0.0,0.0,0.0,0.0
254.254254254,11.0,4.0,87.0,0.0,0.0,0.0,0.0,26.0,17.0,2.0,0.0,0.0,0.0,0.0
255.255255255,11.0,4.0,87.0,0.0,0.0,0.0,0.0,26.0,17.0,2.0,0.0,0.0,0.0,0.0
256.256256256,11.0,5.0,87.0,0.0,0.0,0.0,0.0,26.0,18.0,2.0,0.0,0.0,0.0,0.0
257.257257257,12.0,5.0,86.0,0.0,0.0,0.0,0.0,27.0,18.0,2.0,0.0,0.0,0.0,0.0
258.258258258,12.0,5.0,86.0,0.0,0.0,0.0,0.0,27.0,18.0,2.0,0.0,0.0,0.0,0.0
259.259259259,12.0,5.0,86.0,0.0,0.0,0.0,0.0,27.0,18.0,2.0,0.0,0.0,0.0,0.0
260.26026026,13.0,5.0,85.0,0.0,0.0,0.0,0.0,28.0,18.0,2.0,0.0,0.0,0.0,0.0
261.261261261,13.0,5.0,85.0,0.0,0.0,0.0,0.0,28.0,18.0,2.0,0.0,0.0,0.0,0.0
262.262262262,13.0,5.0,85.0,0.0,0.0,0.0,0.0,28.0,18.0,2.0,0.0,0.0,0.0,0.0
263.263263263,13.0,5.0,85.0,0.0,0.0,0.0,0.0,28.0,18.0,2.0,0.0,0.0,0.0,0.0
264.264264264,13.0,5.0,85.0,0.0,0.0,0.0,0.0,28.0,18.0,2.0,0.0,0.0,0.0,0.0
265.265265265,13.0,5.0,85.0,0.0,0.0,0.0,0.0,28.0,18.0,2.0,0.0,0.0,0.0,0.0
266.266266266,13.0,5.0,85.0,0.0,0.0,0.0,0.0,28.0,18.0,2.0,0.0,0.0,0.0,0.0
267.267267267,13.0,5.0,85.0,0.0,0.0,0.0,0.0,28.0,18.0,2.0,0.0,0.0,0.0,0.0
268.268268268,13.0,6.0,85.0,0.0,0.0,0.0,0.0,28.0,19.0,2.0,0.0,0.0,0.0,0.0
269.269269269,13.0,6.0,85.0,0.0,0.0,0.0,0.0,28.0,19.0,2.0,0.0,0.0,0.0,0.0
270.27027027,14.0,6.0,84.0,0.0,0.0,0.0,0.0,29.0,19.0,2.0,0.0,0.0,0.0,0.0
271.271271271,13.0,5.0,85.0,0.0,0.0,0.0,0.0,29.0,19.0,2.0,0.0,0.0,0.0,0.0
272.272272272,14.0,6.0,84.0,0.0,0.0,0.0,0.0,30.0,20.0,2.0,0.0,0.0,0.0,0.0
273.273273273,14.0,6.0,84.0,0.0,0.0,0.0,0.0,30.0,20.0,2.0,0.0,0.0,0.0,0.0
274.274274274,15.0,7.0,83.0,0.0,0.0,0.0,0.0,30.0,20.0,2.0,0.0,0.0,0.0,0.0
275.275275275,15.0,7.0,83.0,0.0,0.0,0.0,0.0,30.0,20.0,2.0,0.0,0.0,0.0,0.0
276.276276276,16.0,7.0,82.0,0.0,0.0,0.0,0.0,31.0,20.0,2.0,0.0,0.0,0.0,0.0
277.277277277,16.0,7.0,82.0,0.0,0.0,0.0,0.0,31.0,20.0,2.0,0.0,0.0,0.0,0.0
278.278278278,16.0,7.0,82.0,0.0,0.0,0.0,0.0,31.0,20.0,2.0,0.0,0.0,0.0,0.0
279.279279279,15.0,6.0,83.0,0.0,0.0,0.0,0.0,31.0,20.0,2.0,0.0,0.0,0.0,0.0
280.28028028,15.0,6.0,83.0,0.0,0.0,0.0,0.0,31.0,20.0,2.0,0.0,0.0,0.0,0.0
281.281281281,15.0,6.0,83.0,0.0,0.0,0.0,0.0,31.0,20.0,2.0,0.0,0.0,0.0,0.0
282.282282282,15.0,6.0,83.0,0.0,0.0,0.0,0.0,31.0,20.0,2.0,0.0,0.0,0.0,0.0
283.283283283,15.0,6.0,83.0,0.0,0.0,0.0,0.0,32.0,21.0,2.0,0.0,0.0,0.0,0.0
284.284284284,15.0,6.0,83.0,0.0,0.0,0.0,0.0,32.0,21.0,2.0,0.0,0.0,0.0,0.0
285.285285285,15.0,6.0,83.0,0.0,0.0,0.0,0.0,32.0,21.0,2.0,0.0,0.0,0.0,0.0
286.286286286,15.0,6.0,83.0,0.0,0.0,0.0,0.0,32.0,21.0,2.0,0.0,0.0,0.0,0.0
287.287287287,15.0,6.0,83.0,0.0,0.0,0.0,0.0,32.0,21.0,2.0,0.0,0.0,0.0,0.0
288.288288288,16.0,6.0,82.0,0.0,0.0,0.0,0.0,33.0,21.0,2.0,0.0,0.0,0.0,0.0
289.289289289,16.0,6.0,82.0,0.0,0.0,0.0,0.0,33.0,21.0,2.0,0.0,0.0,0.0,0.0
290.29029029,16.0,7.0,82.0,0.0,0.0,0.0,0.0,33.0,22.0,2.0,0.0,0.0,0.0,0.0
291.291291291,16.0,7.0,82.0,0.0,0.0,0.0,0.0,33.0,22.0,2.0,0.0,0.0,0.0,0.0
292.292292292,17.0,7.0,81.0,0.0,0.0,0.0,0.0,34.0,22.0,2.0,0.0,0.0,0.0,0.0
293.293293293,17.0,7.0,81.0,0.0,0.0,0.0,0.0,34.0,22.0,2.0,0.0,0.0,0.0,0.0
294.294294294,17.0,7.0,81.0,0.0,0.0,0.0,0.0,34.0,22.0,2.0,0.0,0.0,0.0,0.0
295.295295295,17.0,7.0,81.0,0.0,0.0,0.0,0.0,34.0,22.0,2.0,0.0,0.0,0.0,0.0
296.296296296,17.0,7.0,81.0,0.0,0.0,0.0,0.0,34.0,22.0,2.0,0.0,0.0,0.0,0.0
297.297297297,16.0,6.0,82.0,0.0,0.0,0.0,0.0,34.0,22.0,2.0,0.0,0.0,0.0,0.0
298.298298298,16.0,6.0,82.0,0.0,0.0,0.0,0.0,34.0,22.0,2.0,0.0,0.0,0.0,0.0
299.299299299,16.0,6.0,82.0,0.0,0.0,0.0,0.0,34.0,22.0,2.0,0.0,0.0,0.0,0.0
300.3003003,16.0,6.0,82.0,0.0,0.0,0.0,0.0,34.0,22.0,2.0,0.0,0.0,0.0,0.0
301.301301301,16.0,6.0,82.0,0.0,0.0,0.0,0.0,34.0,22.0,2.0,0.0,0.0,0.0,0.0
302.302302302,16.0,6.0,82.0,0.0,0.0,0.0,0.0,34.0,22.0,2.0,0.0,0.0,0.0,0.0
303.303303303,16.0,6.0,82.0,0.0,0.0,0.0,0.0,34.0,22.0,2.0,0.0,0.0,0.0,0.0
304.304304304,16.0,6.0,82.0,0.0,0.0,0.0,0.0,34.0,22.0,2.0,0.0,0.0,0.0,0.0
305.305305305,16.0,6.0,82.0,0.0,0.0,0.0,0.0,34.0,22.0,2.0,0.0,0.0,0.0,0.0
306.306306306,16.0,6.0,82.0,0.0,0.0,0.0,0.0,34.0,22.0,2.0,0.0,0.0,0.0,0.0
307.307307307,16.0,6.0,82.0,0.0,0.0,0.0,0.0,34.0,22.0,2.0,0.0,0.0,0.0,0.0
308.308308308,15.0,5.0,83.0,0.0,0.0,0.0,0.0,34.0,22.0,2.0,0.0,0.0,0.0,0.0
309.309309309,15.0,6.0,83.0,0.0,0.0,0.0,0.0,34.0,23.0,2.0,0.0,0.0,0.0,0.0
310.31031031,15.0,6.0,83.0,0.0,0.0,0.0,0.0,34.0,23.0,2.0,0.0,0.0,0.0,0.0
311.311311311,15.0,6.0,83.0,0.0,0.0,0.0,0.0,34.0,23.0,2.0,0.0,0.0,0.0,0.0
312.312312312,15.0,5.0,83.0,0.0,0.0,0.0,0.0,35.0,23.0,2.0,0.0,0.0,0.0,0.0
313.313313313,14.0,4.0,84.0,0.0,0.0,0.0,0.0,35.0,23.0,2.0,0.0,0.0,0.0,0.0
314.314314314,14.0,4.0,84.0,0.0,0.0,0.0,0.0,35.0,23.0,2.0,0.0,0.0,0.0,0.0
315.315315315,14.0,4.0,84.0,0.0,0.0,0.0,0.0,35.0,23.0,2.0,0.0,0.0,0.0,0.0
316.316316316,14.0,4.0,84.0,0.0,0.0,0.0,0.0,35.0,23.0,2.0,0.0,0.0,0.0,0.0
317.317317317,14.0,4.0,84.0,0.0,0.0,0.0,0.0,35.0,23.0,2.0,0.0,0.0,0.0,0.0
318.318318318,14.0,4.0,84.0,0.0,0.0,0.0,0.0,35.0,23.0,2.0,0.0,0.0,0.0,0.0
319.319319319,14.0,4.0,84.0,0.0,0.0,0.0,0.0,35.0,23.0,2.0,0.0,0.0,0.0,0.0
320.32032032,13.0,4.0,84.0,0.0,0.0,0.0,0.0,35.0,23.0,3.0,0.0,0.0,0.0,0.0
321.321321321,13.0,4.0,84.0,0.0,0.0,0.0,0.0,35.0,23.0,3.0,0.0,0.0,0.0,0.0
322.322322322,13.0,4.0,84.0,0.0,0.0,0.0,0.0,35.0,23.0,3.0,0.0,0.0,0.0,0.0
323.323323323,13.0,4.0,84.0,0.0,0.0,0.0,0.0,35.0,23.0,3.0,0.0,0.0,0.0,0.0
324.324324324,13.0,4.0,84.0,0.0,0.0,0.0,0.0,35.0,23.0,3.0,0.0,0.0,0.0,0.0
325.325325325,12.0,3.0,85.0,0.0,0.0,0.0,0.0,35.0,23.0,3.0,0.0,0.0,0.0,0.0
326.326326326,12.0,3.0,85.0,0.0,0.0,0.0,0.0,35.0,23.0,3.0,0.0,0.0,0.0,0.0
327.327327327,12.0,3.0,85.0,0.0,0.0,0.0,0.0,35.0,23.0,3.0,0.0,0.0,0.0,0.0
328.328328328,12.0,2.0,85.0,0.0,0.0,0.0,0.0,36.0,23.0,3.0,0.0,0.0,0.0,0.0
329.329329329,12.0,3.0,85.0,0.0,0.0,0.0,0.0,36.0,24.0,3.0,0.0,0.0,0.0,0.0
330.33033033,12.0,3.0,85.0,0.0,0.0,0.0,0.0,36.0,24.0,3.0,0.0,0.0,0.0,0.0
331.331331331,12.0,3.0,85.0,0.0,0.0,0.0,0.0,36.0,24.0,3.0,0.0,0.0,0.0,0.0
332.332332332,13.0,3.0,84.0,0.0,0.0,0.0,0.0,37.0,24.0,3.0,0.0,0.0,0.0,0.0
333.333333333,13.0,4.0,84.0,0.0,0.0,0.0,0.0,37.0,25.0,3.0,0.0,0.0,0.0,0.0
334.334334334,13.0,4.0,84.0,0.0,0.0,0.0,0.0,37.0,25.0,3.0,0.0,0.0,0.0,0.0
335.335335335,12.0,3.0,85.0,0.0,0.0,0.0,0.0,37.0,25.0,3.0,0.0,0.0,0.0,0.0
336.336336336,11.0,2.0,86.0,0.0,0.0,0.0,0.0,37.0,25.0,3.0,0.0,0.0,0.0,0.0
337.337337337,11.0,2.0,86.0,0.0,0.0,0.0,0.0,37.0,25.0,3.0,0.0,0.0,0.0,0.0
338.338338338,11.0,3.0,86.0,0.0,0.0,0.0,0.0,37.0,26.0,3.0,0.0,0.0,0.0,0.0
339.339339339,11.0,3.0,86.0,0.0,0.0,0.0,0.0,37.0,26.0,3.0,0.0,0.0,0.0,0.0
340.34034034,11.0,3.0,86.0,0.0,0.0,0.0,0.0,37.0,26.0,3.0,0.0,0.0,0.0,0.0
341.341341341,11.0,3.0,86.0,0.0,0.0,0.0,0.0,37.0,26.0,3.0,0.0,0.0,0.0,0.0
342.342342342,11.0,3.0,86.0,0.0,0.0,0.0,0.0,37.0,26.0,3.0,0.0,0.0,0.0,0.0
343.343343343,12.0,3.0,85.0,0.0,0.0,0.0,0.0,38.0,26.0,3.0,0.0,0.0,0.0,0.0
344.344344344,12.0,3.0,85.0,0.0,0.0,0.0,0.0,38.0,26.0,3.0,0.0,0.0,0.0,0.0
345.345345345,12.0,3.0,85.0,0.0,0.0,0.0,0.0,38.0,26.0,3.0,0.0,0.0,0.0,0.0
346.346346346,12.0,3.0,85.0,0.0,0.0,0.0,0.0,38.0,26.0,3.0,0.0,0.0,0.0,0.0
347.347347347,12.0,3.0,85.0,0.0,0.0,0.0,0.0,38.0,26.0,3.0,0.0,0.0,0.0,0.0
348.348348348,12.0,3.0,85.0,0.0,0.0,0.0,0.0,38.0,26.0,3.0,0.0,0.0,0.0,0.0
349.349349349,12.0,3.0,85.0,0.0,0.0,0.0,0.0,38.0,26.0,3.0,0.0,0.0,0.0,0.0
350.35035035,12.0,3.0,85.0,0.0,0.0,0.0,0.0,38.0,26.0,3.0,0.0,0.0,0.0,0.0
351.351351351,12.0,3.0,85.0,0.0,0.0,0.0,0.0,38.0,26.0,3.0,0.0,0.0,0.0,0.0
352.352352352,12.0,3.0,85.0,0.0,0.0,0.0,0.0,38.0,26.0,3.0,0.0,0.0,0.0,0.0
353.353353353,12.0,3.0,85.0,0.0,0.0,0.0,0.0,38.0,26.0,3.0,0.0,0.0,0.0,0.0
354.354354354,12.0,3.0,85.0,0.0,0.0,0.0,0.0,38.0,26.0,3.0,0.0,0.0,0.0,0.0
355.355355355,12.0,3.0,85.0,0.0,0.0,0.0,0.0,38.0,26.0,3.0,0.0,0.0,0.0,0.0
356.356356356,13.0,3.0,84.0,0.0,0.0,0.0,0.0,39.0,26.0,3.0,0.0,0.0,0.0,0.0
357.357357357,13.0,3.0,84.0,0.0,0.0,0.0,0.0,39.0,26.0,3.0,0.0,0.0,0.0,0.0
358.358358358,13.0,3.0,84.0,0.0,0.0,0.0,0.0,39.0,26.0,3.0,0.0,0.0,0.0,0.0
359.359359359,13.0,3.0,84.0,0.0,0.0,0.0,0.0,39.0,26.0,3.0,0.0,0.0,0.0,0.0
360.36036036,12.0,2.0,85.0,0.0,0.0,0.0,0.0,39.0,26.0,3.0,0.0,0.0,0.0,0.0
361.361361361,12.0,2.0,85.0,0.0,0.0,0.0,0.0,39.0,26.0,3.0,0.0,0.0,0.0,0.0
362.362362362,12.0,2.0,85.0,0.0,0.0,0.0,0.0,39.0,26.0,3.0,0.0,0.0,0.0,0.0
363.363363363,12.0,2.0,85.0,0.0,0.0,0.0,0.0,39.0,26.0,3.0,0.0,0.0,0.0,0.0
364.364364364,12.0,2.0,85.0,0.0,0.0,0.0,0.0,39.0,26.0,3.0,0.0,0.0,0.0,0.0
365.365365365,13.0,2.0,84.0,0.0,0.0,0.0,0.0,40.0,26.0,3.0,0.0,0.0,0.0,0.0
366.366366366,13.0,2.0,84.0,0.0,0.0,0.0,0.0,40.0,26.0,3.0,0.0,0.0,0.0,0.0
367.367367367,13.0,2.0,84.0,0.0,0.0,0.0,0.0,40.0,26.0,3.0,0.0,0.0,0.0,0.0
368.368368368,13.0,2.0,84.0,0.0,0.0,0.0,0.0,40.0,26.0,3.0,0.0,0.0,0.0,0.0
369.369369369,13.0,2.0,84.0,0.0,0.0,0.0,0.0,40.0,26.0,3.0,0.0,0.0,0.0,0.0
370.37037037,13.0,2.0,84.0,0.0,0.0,0.0,0.0,40.0,26.0,3.0,0.0,0.0,0.0,0.0
371.371371371,13.0,2.0,84.0,0.0,0.0,0.0,0.0,40.0,26.0,3.0,0.0,0.0,0.0,0.0
372.372372372,13.0,3.0,84.0,0.0,0.0,0.0,0.0,40.0,27.0,3.0,0.0,0.0,0.0,0.0
373.373373373,14.0,3.0,83.0,0.0,0.0,0.0,0.0,41.0,27.0,3.0,0.0,0.0,0.0,0.0
374.374374374,14.0,3.0,83.0,0.0,0.0,0.0,0.0,41.0,27.0,3.0,0.0,0.0,0.0,0.0
375.375375375,14.0,3.0,83.0,0.0,0.0,0.0,0.0,41.0,27.0,3.0,0.0,0.0,0.0,0.0
376.376376376,14.0,3.0,83.0,0.0,0.0,0.0,0.0,41.0,27.0,3.0,0.0,0.0,0.0,0.0
377.377377377,14.0,3.0,83.0,0.0,0.0,0.0,0.0,41.0,27.0,3.0,0.0,0.0,0.0,0.0
378.378378378,14.0,3.0,83.0,0.0,0.0,0.0,0.0,41.0,27.0,3.0,0.0,0.0,0.0,0.0
379.379379379,14.0,3.0,83.0,0.0,0.0,0.0,0.0,41.0,27.0,3.0,0.0,0.0,0.0,0.0
380.38038038,14.0,4.0,83.0,0.0,0.0,0.0,0.0,41.0,28.0,3.0,0.0,0.0,0.0,0.0
381.381381381,14.0,4.0,83.0,0.0,0.0,0.0,0.0,41.0,28.0,3.0,0.0,0.0,0.0,0.0
382.382382382,14.0,4.0,83.0,0.0,0.0,0.0,0.0,41.0,28.0,3.0,0.0,0.0,0.0,0.0
383.383383383,14.0,4.0,83.0,0.0,0.0,0.0,0.0,41.0,28.0,3.0,0.0,0.0,0.0,0.0
384.384384384,14.0,4.0,83.0,0.0,0.0,0.0,0.0,41.0,28.0,3.0,0.0,0.0,0.0,0.0
385.385385385,14.0,4.0,83.0,0.0,0.0,0.0,0.0,41.0,28.0,3.0,0.0,0.0,0.0,0.0
386.386386386,14.0,4.0,83.0,0.0,0.0,0.0,0.0,41.0,28.0,3.0,0.0,0.0,0.0,0.0
387.387387387,14.0,4.0,83.0,0.0,0.0,0.0,0.0,41.0,28.0,3.0,0.0,0.0,0.0,0.0
388.388388388,14.0,4.0,83.0,0.0,0.0,0.0,0.0,41.0,28.0,3.0,0.0,0.0,0.0,0.0
389.389389389,14.0,4.0,83.0,0.0,0.0,0.0,0.0,41.0,28.0,3.0,0.0,0.0,0.0,0.0
390.39039039,14.0,4.0,83.0,0.0,0.0,0.0,0.0,41.0,28.0,3.0,0.0,0.0,0.0,0.0
391.391391391,14.0,4.0,83.0,0.0,0.0,0.0,0.0,41.0,28.0,3.0,0.0,0.0,0.0,0.0
392.392392392,14.0,4.0,83.0,0.0,0.0,0.0,0.0,41.0,28.0,3.0,0.0,0.0,0.0,0.0
393.393393393,14.0,4.0,83.0,0.0,0.0,0.0,0.0,41.0,28.0,3.0,0.0,0.0,0.0,0.0
394.394394394,15.0,4.0,82.0,0.0,0.0,0.0,0.0,42.0,28.0,3.0,0.0,0.0,0.0,0.0
395.395395395,15.0,4.0,82.0,0.0,0.0,0.0,0.0,42.0,28.0,3.0,0.0,0.0,0.0,0.0
396.396396396,15.0,4.0,82.0,0.0,0.0,0.0,0.0,42.0,28.0,3.0,0.0,0.0,0.0,0.0
397.397397397,15.0,5.0,82.0,0.0,0.0,0.0,0.0,42.0,29.0,3.0,0.0,0.0,0.0,0.0
398.398398398,15.0,5.0,82.0,0.0,0.0,0.0,0.0,42.0,29.0,3.0,0.0,0.0,0.0,0.0
399.399399399,15.0,5.0,82.0,0.0,0.0,0.0,0.0,42.0,29.0,3.0,0.0,0.0,0.0,0.0
400.4004004,15.0,5.0,82.0,0.0,0.0,0.0,0.0,42.0,29.0,3.0,0.0,0.0,0.0,0.0
401.401401401,14.0,4.0,83.0,0.0,0.0,0.0,0.0,42.0,29.0,3.0,0.0,0.0,0.0,0.0
402.402402402,14.0,4.0,83.0,0.0,0.0,0.0,0.0,42.0,29.0,3.0,0.0,0.0,0.0,0.0
403.403403403,13.0,4.0,83.0,0.0,0.0,0.0,0.0,42.0,29.0,4.0,0.0,0.0,0.0,0.0
404.404404404,13.0,4.0,83.0,0.0,0.0,0.0,0.0,42.0,29.0,4.0,0.0,0.0,0.0,0.0
405.405405405,13.0,4.0,83.0,0.0,0.0,0.0,0.0,42.0,29.0,4.0,0.0,0.0,0.0,0.0
406.406406406,13.0,4.0,83.0,0.0,0.0,0.0,0.0,42.0,29.0,4.0,0.0,0.0,0.0,0.0
407.407407407,13.0,4.0,83.0,0.0,0.0,0.0,0.0,42.0,29.0,4.0,0.0,0.0,0.0,0.0
408.408408408,13.0,4.0,83.0,0.0,0.0,0.0,0.0,42.0,29.0,4.0,0.0,0.0,0.0,0.0
409.409409409,13.0,4.0,83.0,0.0,0.0,0.0,0.0,42.0,29.0,4.0,0.0,0.0,0.0,0.0
410.41041041,13.0,4.0,83.0,0.0,0.0,0.0,0.0,42.0,29.0,4.0,0.0,0.0,0.0,0.0
411.411411411,13.0,4.0,83.0,0.0,0.0,0.0,0.0,42.0,29.0,4.0,0.0,0.0,0.0,0.0
412.412412412,13.0,4.0,83.0,0.0,0.0,0.0,0.0,42.0,29.0,4.0,0.0,0.0,0.0,0.0
413.413413413,15.0,4.0,81.0,0.0,0.0,0.0,0.0,44.0,29.0,4.0,0.0,0.0,0.0,0.0
414.414414414,15.0,4.0,81.0,0.0,0.0,0.0,0.0,44.0,29.0,4.0,0.0,0.0,0.0,0.0
415.415415415,15.0,4.0,81.0,0.0,0.0,0.0,0.0,44.0,29.0,4.0,0.0,0.0,0.0,0.0
416.416416416,13.0,3.0,82.0,0.0,0.0,0.0,0.0,44.0,29.0,5.0,0.0,0.0,0.0,0.0
417.417417417,13.0,3.0,82.0,0.0,0.0,0.0,0.0,44.0,29.0,5.0,0.0,0.0,0.0,0.0
418.418418418,13.0,3.0,82.0,0.0,0.0,0.0,0.0,44.0,29.0,5.0,0.0,0.0,0.0,0.0
419.419419419,13.0,3.0,82.0,0.0,0.0,0.0,0.0,44.0,29.0,5.0,0.0,0.0,0.0,0.0
420.42042042,13.0,3.0,82.0,0.0,0.0,0.0,0.0,44.0,29.0,5.0,0.0,0.0,0.0,0.0
421.421421421,13.0,4.0,82.0,0.0,0.0,0.0,0.0,44.0,30.0,5.0,0.0,0.0,0.0,0.0
422.422422422,13.0,4.0,82.0,0.0,0.0,0.0,0.0,44.0,30.0,5.0,0.0,0.0,0.0,0.0
423.423423423,13.0,4.0,82.0,0.0,0.0,0.0,0.0,44.0,30.0,5.0,0.0,0.0,0.0,0.0
424.424424424,13.0,4.0,82.0,0.0,0.0,0.0,0.0,44.0,30.0,5.0,0.0,0.0,0.0,0.0
425.425425425,13.0,4.0,82.0,0.0,0.0,0.0,0.0,44.0,30.0,5.0,0.0,0.0,0.0,0.0
426.426426426,13.0,4.0,82.0,0.0,0.0,0.0,0.0,44.0,30.0,5.0,0.0,0.0,0.0,0.0
427.427427427,13.0,4.0,82.0,0.0,0.0,0.0,0.0,44.0,30.0,5.0,0.0,0.0,0.0,0.0
428.428428428,14.0,4.0,81.0,0.0,0.0,0.0,0.0,45.0,30.0,5.0,0.0,0.0,0.0,0.0
429.429429429,14.0,4.0,81.0,0.0,0.0,0.0,0.0,45.0,30.0,5.0,0.0,0.0,0.0,0.0
430.43043043,14.0,4.0,81.0,0.0,0.0,0.0,0.0,45.0,30.0,5.0,0.0,0.0,0.0,0.0
431.431431431,14.0,4.0,81.0,0.0,0.0,0.0,0.0,45.0,30.0,5.0,0.0,0.0,0.0,0.0
432.432432432,14.0,4.0,81.0,0.0,0.0,0.0,0.0,45.0,30.0,5.0,0.0,0.0,0.0,0.0
433.433433433,14.0,4.0,81.0,0.0,0.0,0.0,0.0,45.0,30.0,5.0,0.0,0.0,0.0,0.0
434.434434434,14.0,4.0,81.0,0.0,0.0,0.0,0.0,45.0,30.0,5.0,0.0,0.0,0.0,0.0
435.435435435,14.0,4.0,81.0,0.0,0.0,0.0,0.0,45.0,30.0,5.0,0.0,0.0,0.0,0.0
436.436436436,13.0,3.0,82.0,0.0,0.0,0.0,0.0,45.0,30.0,5.0,0.0,0.0,0.0,0.0
437.437437437,13.0,3.0,82.0,0.0,0.0,0.0,0.0,45.0,30.0,5.0,0.0,0.0,0.0,0.0
438.438438438,13.0,3.0,82.0,0.0,0.0,0.0,0.0,45.0,30.0,5.0,0.0,0.0,0.0,0.0
439.439439439,13.0,3.0,82.0,0.0,0.0,0.0,0.0,45.0,30.0,5.0,0.0,0.0,0.0,0.0
440.44044044,13.0,4.0,82.0,0.0,0.0,0.0,0.0,45.0,31.0,5.0,0.0,0.0,0.0,0.0
441.441441441,13.0,4.0,82.0,0.0,0.0,0.0,0.0,45.0,31.0,5.0,0.0,0.0,0.0,0.0
442.442442442,12.0,3.0,83.0,0.0,0.0,0.0,0.0,45.0,31.0,5.0,0.0,0.0,0.0,0.0
443.443443443,12.0,3.0,83.0,0.0,0.0,0.0,0.0,45.0,31.0,5.0,0.0,0.0,0.0,0.0
444.444444444,12.0,3.0,83.0,0.0,0.0,0.0,0.0,45.0,31.0,5.0,0.0,0.0,0.0,0.0
445.445445445,12.0,3.0,83.0,0.0,0.0,0.0,0.0,45.0,31.0,5.0,0.0,0.0,0.0,0.0
446.446446446,12.0,3.0,83.0,0.0,0.0,0.0,0.0,45.0,31.0,5.0,0.0,0.0,0.0,0.0
447.447447447,11.0,2.0,84.0,0.0,0.0,0.0,0.0,45.0,31.0,5.0,0.0,0.0,0.0,0.0
448.448448448,11.0,2.0,84.0,0.0,0.0,0.0,0.0,45.0,31.0,5.0,0.0,0.0,0.0,0.0
449.449449449,11.0,2.0,84.0,0.0,0.0,0.0,0.0,45.0,31.0,5.0,0.0,0.0,0.0,0.0
450.45045045,11.0,2.0,84.0,0.0,0.0,0.0,0.0,45.0,31.0,5.0,0.0,0.0,0.0,0.0
451.451451451,11.0,2.0,84.0,0.0,0.0,0.0,0.0,45.0,31.0,5.0,0.0,0.0,0.0,0.0
452.452452452,11.0,2.0,84.0,0.0,0.0,0.0,0.0,45.0,31.0,5.0,0.0,0.0,0.0,0.0
453.453453453,11.0,2.0,84.0,0.0,0.0,0.0,0.0,45.0,31.0,5.0,0.0,0.0,0.0,0.0
454.454454454,11.0,2.0,84.0,0.0,0.0,0.0,0.0,45.0,31.0,5.0,0.0,0.0,0.0,0.0
455.455455455,11.0,2.0,84.0,0.0,0.0,0.0,0.0,45.0,31.0,5.0,0.0,0.0,0.0,0.0
456.456456456,11.0,2.0,84.0,0.0,0.0,0.0,0.0,45.0,31.0,5.0,0.0,0.0,0.0,0.0
457.457457457,11.0,2.0,84.0,0.0,0.0,0.0,0.0,45.0,31.0,5.0,0.0,0.0,0.0,0.0
458.458458458,11.0,3.0,84.0,0.0,0.0,0.0,0.0,45.0,32.0,5.0,0.0,0.0,0.0,0.0
459.459459459,11.0,4.0,84.0,0.0,0.0,0.0,0.0,45.0,33.0,5.0,0.0,0.0,0.0,0.0
460.46046046,11.0,4.0,84.0,0.0,0.0,0.0,0.0,45.0,33.0,5.0,0.0,0.0,0.0,0.0
461.461461461,11.0,4.0,84.0,0.0,0.0,0.0,0.0,45.0,33.0,5.0,0.0,0.0,0.0,0.0
462.462462462,12.0,4.0,83.0,0.0,0.0,0.0,0.0,46.0,33.0,5.0,0.0,0.0,0.0,0.0
463.463463463,12.0,4.0,83.0,0.0,0.0,0.0,0.0,46.0,33.0,5.0,0.0,0.0,0.0,0.0
464.464464464,12.0,4.0,83.0,0.0,0.0,0.0,0.0,46.0,33.0,5.0,0.0,0.0,0.0,0.0
465.465465465,12.0,4.0,83.0,0.0,0.0,0.0,0.0,46.0,33.0,5.0,0.0,0.0,0.0,0.0
466.466466466,12.0,4.0,83.0,0.0,0.0,0.0,0.0,46.0,33.0,5.0,0.0,0.0,0.0,0.0
467.467467467,12.0,4.0,83.0,0.0,0.0,0.0,0.0,46.0,33.0,5.0,0.0,0.0,0.0,0.0
468.468468468,12.0,4.0,83.0,0.0,0.0,0.0,0.0,46.0,33.0,5.0,0.0,0.0,0.0,0.0
469.469469469,12.0,4.0,83.0,0.0,0.0,0.0,0.0,46.0,33.0,5.0,0.0,0.0,0.0,0.0
470.47047047,12.0,4.0,83.0,0.0,0.0,0.0,0.0,46.0,33.0,5.0,0.0,0.0,0.0,0.0
471.471471471,12.0,4.0,83.0,0.0,0.0,0.0,0.0,46.0,33.0,5.0,0.0,0.0,0.0,0.0
472.472472472,13.0,4.0,82.0,0.0,0.0,0.0,0.0,47.0,33.0,5.0,0.0,0.0,0.0,0.0
473.473473473,13.0,4.0,82.0,0.0,0.0,0.0,0.0,47.0,33.0,5.0,0.0,0.0,0.0,0.0
474.474474474,13.0,4.0,82.0,0.0,0.0,0.0,0.0,47.0,33.0,5.0,0.0,0.0,0.0,0.0
475.475475475,13.0,4.0,82.0,0.0,0.0,0.0,0.0,47.0,33.0,5.0,0.0,0.0,0.0,0.0
476.476476476,13.0,4.0,82.0,0.0,0.0,0.0,0.0,47.0,33.0,5.0,0.0,0.0,0.0,0.0
477.477477477,13.0,4.0,82.0,0.0,0.0,0.0,0.0,47.0,33.0,5.0,0.0,0.0,0.0,0.0
478.478478478,13.0,4.0,82.0,0.0,0.0,0.0,0.0,47.0,33.0,5.0,0.0,0.0,0.0,0.0
479.479479479,13.0,4.0,82.0,0.0,0.0,0.0,0.0,47.0,33.0,5.0,0.0,0.0,0.0,0.0
480.48048048,14.0,4.0,81.0,0.0,0.0,0.0,0.0,48.0,33.0,5.0,0.0,0.0,0.0,0.0
481.481481481,14.0,4.0,81.0,0.0,0.0,0.0,0.0,48.0,33.0,5.0,0.0,0.0,0.0,0.0
482.482482482,13.0,3.0,82.0,0.0,0.0,0.0,0.0,48.0,33.0,5.0,0.0,0.0,0.0,0.0
483.483483483,13.0,3.0,82.0,0.0,0.0,0.0,0.0,48.0,33.0,5.0,0.0,0.0,0.0,0.0
484.484484484,13.0,3.0,82.0,0.0,0.0,0.0,0.0,48.0,33.0,5.0,0.0,0.0,0.0,0.0
485.485485485,13.0,3.0,82.0,0.0,0.0,0.0,0.0,48.0,33.0,5.0,0.0,0.0,0.0,0.0
486.486486486,13.0,3.0,82.0,0.0,0.0,0.0,0.0,48.0,33.0,5.0,0.0,0.0,0.0,0.0
487.487487487,13.0,3.0,82.0,0.0,0.0,0.0,0.0,48.0,33.0,5.0,0.0,0.0,0.0,0.0
488.488488488,13.0,3.0,82.0,0.0,0.0,0.0,0.0,48.0,33.0,5.0,0.0,0.0,0.0,0.0
489.489489489,13.0,3.0,82.0,0.0,0.0,0.0,0.0,48.0,33.0,5.0,0.0,0.0,0.0,0.0
490.49049049,13.0,3.0,82.0,0.0,0.0,0.0,0.0,48.0,33.0,5.0,0.0,0.0,0.0,0.0
491.491491491,13.0,3.0,82.0,0.0,0.0,0.0,0.0,48.0,33.0,5.0,0.0,0.0,0.0,0.0
492.492492492,13.0,3.0,82.0,0.0,0.0,0.0,0.0,48.0,33.0,5.0,0.0,0.0,0.0,0.0
493.493493493,13.0,3.0,82.0,0.0,0.0,0.0,0.0,48.0,33.0,5.0,0.0,0.0,0.0,0.0
494.494494494,13.0,3.0,82.0,0.0,0.0,0.0,0.0,48.0,33.0,5.0,0.0,0.0,0.0,0.0
495.495495495,14.0,3.0,81.0,0.0,0.0,0.0,0.0,49.0,33.0,5.0,0.0,0.0,0.0,0.0
496.496496496,14.0,3.0,81.0,0.0,0.0,0.0,0.0,49.0,33.0,5.0,0.0,0.0,0.0,0.0
497.497497497,15.0,3.0,80.0,0.0,0.0,0.0,0.0,50.0,33.0,5.0,0.0,0.0,0.0,0.0
498.498498498,15.0,3.0,80.0,0.0,0.0,0.0,0.0,50.0,33.0,5.0,0.0,0.0,0.0,0.0
499.499499499,15.0,3.0,80.0,0.0,0.0,0.0,0.0,50.0,33.0,5.0,0.0,0.0,0.0,0.0
500.500500501,16.0,3.0,79.0,0.0,0.0,0.0,0.0,51.0,33.0,5.0,0.0,0.0,0.0,0.0
501.501501502,16.0,3.0,79.0,0.0,0.0,0.0,0.0,51.0,33.0,5.0,0.0,0.0,0.0,0.0
502.502502503,16.0,3.0,79.0,0.0,0.0,0.0,0.0,51.0,33.0,5.0,0.0,0.0,0.0,0.0
503.503503504,16.0,3.0,79.0,0.0,0.0,0.0,0.0,51.0,33.0,5.0,0.0,0.0,0.0,0.0
504.504504505,16.0,3.0,79.0,0.0,0.0,0.0,0.0,51.0,33.0,5.0,0.0,0.0,0.0,0.0
505.505505506,16.0,3.0,79.0,0.0,0.0,0.0,0.0,51.0,33.0,5.0,0.0,0.0,0.0,0.0
506.506506507,16.0,3.0,79.0,0.0,0.0,0.0,0.0,51.0,33.0,5.0,0.0,0.0,0.0,0.0
507.507507508,16.0,3.0,79.0,0.0,0.0,0.0,0.0,51.0,33.0,5.0,0.0,0.0,0.0,0.0
508.508508509,16.0,3.0,79.0,0.0,0.0,0.0,0.0,51.0,33.0,5.0,0.0,0.0,0.0,0.0
509.50950951,16.0,3.0,79.0,0.0,0.0,0.0,0.0,51.0,33.0,5.0,0.0,0.0,0.0,0.0
510.510510511,16.0,3.0,79.0,0.0,0.0,0.0,0.0,51.0,33.0,5.0,0.0,0.0,0.0,0.0
511.511511512,16.0,3.0,79.0,0.0,0.0,0.0,0.0,51.0,33.0,5.0,0.0,0.0,0.0,0.0
512.512512513,16.0,3.0,79.0,0.0,0.0,0.0,0.0,51.0,33.0,5.0,0.0,0.0,0.0,0.0
513.513513514,16.0,3.0,79.0,0.0,0.0,0.0,0.0,51.0,33.0,5.0,0.0,0.0,0.0,0.0
514.514514515,16.0,3.0,79.0,0.0,0.0,0.0,0.0,51.0,33.0,5.0,0.0,0.0,0.0,0.0
515.515515516,16.0,3.0,79.0,0.0,0.0,0.0,0.0,51.0,33.0,5.0,0.0,0.0,0.0,0.0
516.516516517,16.0,3.0,79.0,0.0,0.0,0.0,0.0,51.0,33.0,5.0,0.0,0.0,0.0,0.0
517.517517518,15.0,3.0,79.0,0.0,0.0,0.0,0.0,51.0,33.0,6.0,0.0,0.0,0.0,0.0
518.518518519,15.0,3.0,79.0,0.0,0.0,0.0,0.0,51.0,33.0,6.0,0.0,0.0,0.0,0.0
519.51951952,15.0,4.0,79.0,0.0,0.0,0.0,0.0,51.0,34.0,6.0,0.0,0.0,0.0,0.0
520.520520521,15.0,4.0,79.0,0.0,0.0,0.0,0.0,51.0,34.0,6.0,0.0,0.0,0.0,0.0
521.521521522,15.0,4.0,79.0,0.0,0.0,0.0,0.0,51.0,34.0,6.0,0.0,0.0,0.0,0.0
522.522522523,15.0,4.0,79.0,0.0,0.0,0.0,0.0,51.0,34.0,6.0,0.0,0.0,0.0,0.0
523.523523524,15.0,4.0,79.0,0.0,0.0,0.0,0.0,51.0,34.0,6.0,0.0,0.0,0.0,0.0
524.524524525,15.0,4.0,79.0,0.0,0.0,0.0,0.0,51.0,34.0,6.0,0.0,0.0,0.0,0.0
525.525525526,14.0,3.0,80.0,0.0,0.0,0.0,0.0,51.0,34.0,6.0,0.0,0.0,0.0,0.0
526.526526527,14.0,3.0,80.0,0.0,0.0,0.0,0.0,51.0,34.0,6.0,0.0,0.0,0.0,0.0
527.527527528,14.0,3.0,80.0,0.0,0.0,0.0,0.0,51.0,34.0,6.0,0.0,0.0,0.0,0.0
528.528528529,14.0,3.0,80.0,0.0,0.0,0.0,0.0,51.0,34.0,6.0,0.0,0.0,0.0,0.0
529.52952953,14.0,3.0,80.0,0.0,0.0,0.0,0.0,51.0,34.0,6.0,0.0,0.0,0.0,0.0
530.530530531,14.0,4.0,80.0,0.0,0.0,0.0,0.0,51.0,35.0,6.0,0.0,0.0,0.0,0.0
531.531531532,14.0,3.0,80.0,0.0,0.0,0.0,0.0,52.0,35.0,6.0,0.0,0.0,0.0,0.0
532.532532533,14.0,3.0,80.0,0.0,0.0,0.0,0.0,52.0,35.0,6.0,0.0,0.0,0.0,0.0
533.533533534,14.0,3.0,80.0,0.0,0.0,0.0,0.0,52.0,35.0,6.0,0.0,0.0,0.0,0.0
534.534534535,14.0,3.0,80.0,0.0,0.0,0.0,0.0,52.0,35.0,6.0,0.0,0.0,0.0,0.0
535.535535536,14.0,3.0,80.0,0.0,0.0,0.0,0.0,52.0,35.0,6.0,0.0,0.0,0.0,0.0
536.536536537,14.0,3.0,80.0,0.0,0.0,0.0,0.0,52.0,35.0,6.0,0.0,0.0,0.0,0.0
537.537537538,14.0,3.0,80.0,0.0,0.0,0.0,0.0,52.0,35.0,6.0,0.0,0.0,0.0,0.0
538.538538539,14.0,3.0,80.0,0.0,0.0,0.0,0.0,52.0,35.0,6.0,0.0,0.0,0.0,0.0
539.53953954,15.0,3.0,79.0,0.0,0.0,0.0,0.0,53.0,35.0,6.0,0.0,0.0,0.0,0.0
540.540540541,15.0,3.0,79.0,0.0,0.0,0.0,0.0,53.0,35.0,6.0,0.0,0.0,0.0,0.0
541.541541542,16.0,3.0,78.0,0.0,0.0,0.0,0.0,54.0,35.0,6.0,0.0,0.0,0.0,0.0
542.542542543,16.0,3.0,78.0,0.0,0.0,0.0,0.0,54.0,35.0,6.0,0.0,0.0,0.0,0.0
543.543543544,16.0,3.0,78.0,0.0,0.0,0.0,0.0,54.0,35.0,6.0,0.0,0.0,0.0,0.0
544.544544545,17.0,3.0,77.0,0.0,0.0,0.0,0.0,55.0,35.0,6.0,0.0,0.0,0.0,0.0
545.545545546,17.0,3.0,77.0,0.0,0.0,0.0,0.0,55.0,35.0,6.0,0.0,0.0,0.0,0.0
546.546546547,17.0,3.0,77.0,0.0,0.0,0.0,0.0,55.0,35.0,6.0,0.0,0.0,0.0,0.0
547.547547548,17.0,3.0,77.0,0.0,0.0,0.0,0.0,55.0,35.0,6.0,0.0,0.0,0.0,0.0
548.548548549,17.0,3.0,77.0,0.0,0.0,0.0,0.0,55.0,35.0,6.0,0.0,0.0,0.0,0.0
549.54954955,16.0,2.0,78.0,0.0,0.0,0.0,0.0,55.0,35.0,6.0,0.0,0.0,0.0,0.0
550.550550551,16.0,2.0,78.0,0.0,0.0,0.0,0.0,55.0,35.0,6.0,0.0,0.0,0.0,0.0
551.551551552,16.0,2.0,78.0,0.0,0.0,0.0,0.0,55.0,35.0,6.0,0.0,0.0,0.0,0.0
552.552552553,16.0,2.0,78.0,0.0,0.0,0.0,0.0,55.0,35.0,6.0,0.0,0.0,0.0,0.0
553.553553554,16.0,2.0,78.0,0.0,0.0,0.0,0.0,55.0,35.0,6.0,0.0,0.0,0.0,0.0
554.554554555,16.0,2.0,78.0,0.0,0.0,0.0,0.0,55.0,35.0,6.0,0.0,0.0,0.0,0.0
555.555555556,16.0,2.0,78.0,0.0,0.0,0.0,0.0,55.0,35.0,6.0,0.0,0.0,0.0,0.0
556.556556557,16.0,2.0,78.0,0.0,0.0,0.0,0.0,55.0,35.0,6.0,0.0,0.0,0.0,0.0
557.557557558,16.0,2.0,78.0,0.0,0.0,0.0,0.0,55.0,35.0,6.0,0.0,0.0,0.0,0.0
558.558558559,16.0,2.0,78.0,0.0,0.0,0.0,0.0,55.0,35.0,6.0,0.0,0.0,0.0,0.0
559.55955956,16.0,2.0,78.0,0.0,0.0,0.0,0.0,55.0,35.0,6.0,0.0,0.0,0.0,0.0
560.560560561,16.0,2.0,78.0,0.0,0.0,0.0,0.0,55.0,35.0,6.0,0.0,0.0,0.0,0.0
561.561561562,16.0,2.0,78.0,0.0,0.0,0.0,0.0,55.0,35.0,6.0,0.0,0.0,0.0,0.0
562.562562563,16.0,2.0,78.0,0.0,0.0,0.0,0.0,55.0,35.0,6.0,0.0,0.0,0.0,0.0
563.563563564,16.0,2.0,78.0,0.0,0.0,0.0,0.0,55.0,35.0,6.0,0.0,0.0,0.0,0.0
564.564564565,16.0,2.0,78.0,0.0,0.0,0.0,0.0,55.0,35.0,6.0,0.0,0.0,0.0,0.0
565.565565566,16.0,2.0,78.0,0.0,0.0,0.0,0.0,55.0,35.0,6.0,0.0,0.0,0.0,0.0
566.566566567,16.0,2.0,78.0,0.0,0.0,0.0,0.0,55.0,35.0,6.0,0.0,0.0,0.0,0.0
567.567567568,16.0,2.0,78.0,0.0,0.0,0.0,0.0,55.0,35.0,6.0,0.0,0.0,0.0,0.0
568.568568569,16.0,2.0,78.0,0.0,0.0,0.0,0.0,55.0,35.0,6.0,0.0,0.0,0.0,0.0
569.56956957,16.0,2.0,78.0,0.0,0.0,0.0,0.0,55.0,35.0,6.0,0.0,0.0,0.0,0.0
570.570570571,16.0,2.0,78.0,0.0,0.0,0.0,0.0,55.0,35.0,6.0,0.0,0.0,0.0,0.0
571.571571572,16.0,2.0,78.0,0.0,0.0,0.0,0.0,55.0,35.0,6.0,0.0,0.0,0.0,0.0
572.572572573,16.0,3.0,78.0,0.0,0.0,0.0,0.0,55.0,36.0,6.0,0.0,0.0,0.0,0.0
573.573573574,16.0,4.0,78.0,0.0,0.0,0.0,0.0,55.0,37.0,6.0,0.0,0.0,0.0,0.0
574.574574575,16.0,4.0,78.0,0.0,0.0,0.0,0.0,55.0,37.0,6.0,0.0,0.0,0.0,0.0
575.575575576,16.0,4.0,78.0,0.0,0.0,0.0,0.0,55.0,37.0,6.0,0.0,0.0,0.0,0.0
576.576576577,15.0,3.0,79.0,0.0,0.0,0.0,0.0,55.0,37.0,6.0,0.0,0.0,0.0,0.0
577.577577578,15.0,3.0,79.0,0.0,0.0,0.0,0.0,55.0,37.0,6.0,0.0,0.0,0.0,0.0
578.578578579,15.0,3.0,79.0,0.0,0.0,0.0,0.0,55.0,37.0,6.0,0.0,0.0,0.0,0.0
579.57957958,15.0,3.0,79.0,0.0,0.0,0.0,0.0,55.0,37.0,6.0,0.0,0.0,0.0,0.0
580.580580581,15.0,3.0,79.0,0.0,0.0,0.0,0.0,55.0,37.0,6.0,0.0,0.0,0.0,0.0
581.581581582,15.0,4.0,79.0,0.0,0.0,0.0,0.0,55.0,38.0,6.0,0.0,0.0,0.0,0.0
582.582582583,15.0,4.0,79.0,0.0,0.0,0.0,0.0,55.0,38.0,6.0,0.0,0.0,0.0,0.0
583.583583584,15.0,4.0,79.0,0.0,0.0,0.0,0.0,55.0,38.0,6.0,0.0,0.0,0.0,0.0
584.584584585,15.0,4.0,79.0,0.0,0.0,0.0,0.0,55.0,38.0,6.0,0.0,0.0,0.0,0.0
585.585585586,15.0,4.0,79.0,0.0,0.0,0.0,0.0,55.0,38.0,6.0,0.0,0.0,0.0,0.0
586.586586587,15.0,4.0,79.0,0.0,0.0,0.0,0.0,55.0,38.0,6.0,0.0,0.0,0.0,0.0
587.587587588,15.0,4.0,79.0,0.0,0.0,0.0,0.0,55.0,38.0,6.0,0.0,0.0,0.0,0.0
588.588588589,15.0,5.0,79.0,0.0,0.0,0.0,0.0,55.0,39.0,6.0,0.0,0.0,0.0,0.0
589.58958959,15.0,5.0,79.0,0.0,0.0,0.0,0.0,55.0,39.0,6.0,0.0,0.0,0.0,0.0
590.590590591,15.0,6.0,79.0,0.0,0.0,0.0,0.0,55.0,40.0,6.0,0.0,0.0,0.0,0.0
591.591591592,15.0,6.0,79.0,0.0,0.0,0.0,0.0,55.0,40.0,6.0,0.0,0.0,0.0,0.0
592.592592593,15.0,6.0,79.0,0.0,0.0,0.0,0.0,55.0,40.0,6.0,0.0,0.0,0.0,0.0
593.593593594,15.0,6.0,79.0,0.0,0.0,0.0,0.0,55.0,40.0,6.0,0.0,0.0,0.0,0.0
594.594594595,15.0,6.0,79.0,0.0,0.0,0.0,0.0,55.0,40.0,6.0,0.0,0.0,0.0,0.0
595.595595596,15.0,6.0,79.0,0.0,0.0,0.0,0.0,55.0,40.0,6.0,0.0,0.0,0.0,0.0
596.596596597,15.0,6.0,79.0,0.0,0.0,0.0,0.0,55.0,40.0,6.0,0.0,0.0,0.0,0.0
597.597597598,16.0,6.0,78.0,0.0,0.0,0.0,0.0,56.0,40.0,6.0,0.0,0.0,0.0,0.0
598.598598599,17.0,6.0,77.0,0.0,0.0,0.0,0.0,57.0,40.0,6.0,0.0,0.0,0.0,0.0
599.5995996,17.0,6.0,77.0,0.0,0.0,0.0,0.0,57.0,40.0,6.0,0.0,0.0,0.0,0.0
600.600600601,17.0,6.0,77.0,0.0,0.0,0.0,0.0,57.0,40.0,6.0,0.0,0.0,0.0,0.0
601.601601602,17.0,6.0,77.0,0.0,0.0,0.0,0.0,57.0,40.0,6.0,0.0,0.0,0.0,0.0
602.602602603,18.0,6.0,76.0,0.0,0.0,0.0,0.0,58.0,40.0,6.0,0.0,0.0,0.0,0.0
603.603603604,19.0,6.0,75.0,0.0,0.0,0.0,0.0,59.0,40.0,6.0,0.0,0.0,0.0,0.0
604.604604605,19.0,6.0,75.0,0.0,0.0,0.0,0.0,59.0,40.0,6.0,0.0,0.0,0.0,0.0
605.605605606,20.0,6.0,74.0,0.0,0.0,0.0,0.0,60.0,40.0,6.0,0.0,0.0,0.0,0.0
606.606606607,20.0,6.0,74.0,0.0,0.0,0.0,0.0,60.0,40.0,6.0,0.0,0.0,0.0,0.0
607.607607608,20.0,6.0,74.0,0.0,0.0,0.0,0.0,60.0,40.0,6.0,0.0,0.0,0.0,0.0
608.608608609,20.0,6.0,74.0,0.0,0.0,0.0,0.0,60.0,40.0,6.0,0.0,0.0,0.0,0.0
609.60960961,20.0,6.0,74.0,0.0,0.0,0.0,0.0,60.0,40.0,6.0,0.0,0.0,0.0,0.0
610.610610611,20.0,6.0,74.0,0.0,0.0,0.0,0.0,60.0,40.0,6.0,0.0,0.0,0.0,0.0
611.611611612,19.0,5.0,75.0,0.0,0.0,0.0,0.0,60.0,40.0,6.0,0.0,0.0,0.0,0.0
612.612612613,19.0,5.0,75.0,0.0,0.0,0.0,0.0,60.0,40.0,6.0,0.0,0.0,0.0,0.0
613.613613614,19.0,5.0,75.0,0.0,0.0,0.0,0.0,60.0,40.0,6.0,0.0,0.0,0.0,0.0
614.614614615,19.0,5.0,75.0,0.0,0.0,0.0,0.0,60.0,40.0,6.0,0.0,0.0,0.0,0.0
615.615615616,19.0,7.0,75.0,0.0,0.0,0.0,0.0,60.0,42.0,6.0,0.0,0.0,0.0,0.0
616.616616617,19.0,7.0,75.0,0.0,0.0,0.0,0.0,60.0,42.0,6.0,0.0,0.0,0.0,0.0
617.617617618,19.0,7.0,75.0,0.0,0.0,0.0,0.0,60.0,42.0,6.0,0.0,0.0,0.0,0.0
618.618618619,20.0,7.0,74.0,0.0,0.0,0.0,0.0,61.0,42.0,6.0,0.0,0.0,0.0,0.0
619.61961962,20.0,7.0,74.0,0.0,0.0,0.0,0.0,61.0,42.0,6.0,0.0,0.0,0.0,0.0
620.620620621,20.0,7.0,74.0,0.0,0.0,0.0,0.0,61.0,42.0,6.0,0.0,0.0,0.0,0.0
621.621621622,20.0,7.0,74.0,0.0,0.0,0.0,0.0,61.0,42.0,6.0,0.0,0.0,0.0,0.0
622.622622623,20.0,7.0,74.0,0.0,0.0,0.0,0.0,61.0,42.0,6.0,0.0,0.0,0.0,0.0
623.623623624,18.0,5.0,76.0,0.0,0.0,0.0,0.0,61.0,42.0,6.0,0.0,0.0,0.0,0.0
624.624624625,18.0,5.0,76.0,0.0,0.0,0.0,0.0,61.0,42.0,6.0,0.0,0.0,0.0,0.0
625.625625626,18.0,5.0,76.0,0.0,0.0,0.0,0.0,61.0,42.0,6.0,0.0,0.0,0.0,0.0
626.626626627,18.0,5.0,76.0,0.0,0.0,0.0,0.0,61.0,42.0,6.0,0.0,0.0,0.0,0.0
627.627627628,18.0,5.0,76.0,0.0,0.0,0.0,0.0,61.0,42.0,6.0,0.0,0.0,0.0,0.0
628.628628629,18.0,6.0,76.0,0.0,0.0,0.0,0.0,61.0,43.0,6.0,0.0,0.0,0.0,0.0
629.62962963,18.0,6.0,76.0,0.0,0.0,0.0,0.0,61.0,43.0,6.0,0.0,0.0,0.0,0.0
630.630630631,19.0,6.0,75.0,0.0,0.0,0.0,0.0,62.0,43.0,6.0,0.0,0.0,0.0,0.0
631.631631632,19.0,6.0,75.0,0.0,0.0,0.0,0.0,62.0,43.0,6.0,0.0,0.0,0.0,0.0
632.632632633,18.0,5.0,76.0,0.0,0.0,0.0,0.0,62.0,43.0,6.0,0.0,0.0,0.0,0.0
633.633633634,17.0,4.0,77.0,0.0,0.0,0.0,0.0,62.0,43.0,6.0,0.0,0.0,0.0,0.0
634.634634635,18.0,4.0,76.0,0.0,0.0,0.0,0.0,63.0,43.0,6.0,0.0,0.0,0.0,0.0
635.635635636,18.0,4.0,76.0,0.0,0.0,0.0,0.0,63.0,43.0,6.0,0.0,0.0,0.0,0.0
636.636636637,18.0,4.0,76.0,0.0,0.0,0.0,0.0,63.0,43.0,6.0,0.0,0.0,0.0,0.0
637.637637638,18.0,4.0,76.0,0.0,0.0,0.0,0.0,63.0,43.0,6.0,0.0,0.0,0.0,0.0
638.638638639,18.0,5.0,76.0,0.0,0.0,0.0,0.0,63.0,44.0,6.0,0.0,0.0,0.0,0.0
639.63963964,18.0,5.0,76.0,0.0,0.0,0.0,0.0,63.0,44.0,6.0,0.0,0.0,0.0,0.0
640.640640641,18.0,5.0,76.0,0.0,0.0,0.0,0.0,63.0,44.0,6.0,0.0,0.0,0.0,0.0
641.641641642,18.0,5.0,76.0,0.0,0.0,0.0,0.0,63.0,44.0,6.0,0.0,0.0,0.0,0.0
642.642642643,18.0,5.0,76.0,0.0,0.0,0.0,0.0,63.0,44.0,6.0,0.0,0.0,0.0,0.0
643.643643644,18.0,5.0,76.0,0.0,0.0,0.0,0.0,63.0,44.0,6.0,0.0,0.0,0.0,0.0
644.644644645,18.0,6.0,76.0,0.0,0.0,0.0,0.0,63.0,45.0,6.0,0.0,0.0,0.0,0.0
645.645645646,18.0,6.0,76.0,0.0,0.0,0.0,0.0,63.0,45.0,6.0,0.0,0.0,0.0,0.0
646.646646647,18.0,6.0,76.0,0.0,0.0,0.0,0.0,63.0,45.0,6.0,0.0,0.0,0.0,0.0
647.647647648,18.0,7.0,76.0,0.0,0.0,0.0,0.0,63.0,46.0,6.0,0.0,0.0,0.0,0.0
648.648648649,18.0,7.0,76.0,0.0,0.0,0.0,0.0,63.0,46.0,6.0,0.0,0.0,0.0,0.0
649.64964965,18.0,7.0,76.0,0.0,0.0,0.0,0.0,63.0,46.0,6.0,0.0,0.0,0.0,0.0
650.650650651,18.0,7.0,76.0,0.0,0.0,0.0,0.0,63.0,46.0,6.0,0.0,0.0,0.0,0.0
651.651651652,18.0,7.0,76.0,0.0,0.0,0.0,0.0,63.0,46.0,6.0,0.0,0.0,0.0,0.0
652.652652653,18.0,8.0,76.0,0.0,0.0,0.0,0.0,63.0,47.0,6.0,0.0,0.0,0.0,0.0
653.653653654,17.0,7.0,77.0,0.0,0.0,0.0,0.0,63.0,47.0,6.0,0.0,0.0,0.0,0.0
654.654654655,17.0,7.0,77.0,0.0,0.0,0.0,0.0,63.0,47.0,6.0,0.0,0.0,0.0,0.0
655.655655656,16.0,7.0,77.0,0.0,0.0,0.0,0.0,63.0,47.0,7.0,0.0,0.0,0.0,0.0
656.656656657,16.0,7.0,77.0,0.0,0.0,0.0,0.0,63.0,47.0,7.0,0.0,0.0,0.0,0.0
657.657657658,15.0,7.0,78.0,0.0,0.0,0.0,0.0,63.0,48.0,7.0,0.0,0.0,0.0,0.0
658.658658659,15.0,7.0,78.0,0.0,0.0,0.0,0.0,63.0,48.0,7.0,0.0,0.0,0.0,0.0
659.65965966,15.0,7.0,78.0,0.0,0.0,0.0,0.0,63.0,48.0,7.0,0.0,0.0,0.0,0.0
660.660660661,15.0,8.0,78.0,0.0,0.0,0.0,0.0,63.0,49.0,7.0,0.0,0.0,0.0,0.0
661.661661662,15.0,8.0,78.0,0.0,0.0,0.0,0.0,63.0,49.0,7.0,0.0,0.0,0.0,0.0
662.662662663,15.0,8.0,78.0,0.0,0.0,0.0,0.0,63.0,49.0,7.0,0.0,0.0,0.0,0.0
663.663663664,15.0,8.0,78.0,0.0,0.0,0.0,0.0,63.0,49.0,7.0,0.0,0.0,0.0,0.0
664.664664665,15.0,8.0,78.0,0.0,0.0,0.0,0.0,63.0,49.0,7.0,0.0,0.0,0.0,0.0
665.665665666,15.0,8.0,78.0,0.0,0.0,0.0,0.0,63.0,49.0,7.0,0.0,0.0,0.0,0.0
666.666666667,15.0,8.0,78.0,0.0,0.0,0.0,0.0,63.0,49.0,7.0,0.0,0.0,0.0,0.0
667.667667668,15.0,8.0,78.0,0.0,0.0,0.0,0.0,63.0,49.0,7.0,0.0,0.0,0.0,0.0
668.668668669,15.0,8.0,78.0,0.0,0.0,0.0,0.0,63.0,49.0,7.0,0.0,0.0,0.0,0.0
669.66966967,15.0,8.0,78.0,0.0,0.0,0.0,0.0,63.0,49.0,7.0,0.0,0.0,0.0,0.0
670.670670671,15.0,9.0,78.0,0.0,0.0,0.0,0.0,63.0,50.0,7.0,0.0,0.0,0.0,0.0
671.671671672,16.0,9.0,77.0,0.0,0.0,0.0,0.0,64.0,50.0,7.0,0.0,0.0,0.0,0.0
672.672672673,16.0,9.0,77.0,0.0,0.0,0.0,0.0,64.0,50.0,7.0,0.0,0.0,0.0,0.0
673.673673674,16.0,9.0,77.0,0.0,0.0,0.0,0.0,64.0,50.0,7.0,0.0,0.0,0.0,0.0
674.674674675,16.0,9.0,77.0,0.0,0.0,0.0,0.0,64.0,50.0,7.0,0.0,0.0,0.0,0.0
675.675675676,16.0,9.0,77.0,0.0,0.0,0.0,0.0,64.0,50.0,7.0,0.0,0.0,0.0,0.0
676.676676677,16.0,9.0,77.0,0.0,0.0,0.0,0.0,64.0,50.0,7.0,0.0,0.0,0.0,0.0
677.677677678,16.0,9.0,77.0,0.0,0.0,0.0,0.0,64.0,50.0,7.0,0.0,0.0,0.0,0.0
678.678678679,16.0,9.0,77.0,0.0,0.0,0.0,0.0,64.0,50.0,7.0,0.0,0.0,0.0,0.0
679.67967968,16.0,9.0,77.0,0.0,0.0,0.0,0.0,64.0,50.0,7.0,0.0,0.0,0.0,0.0
680.680680681,16.0,9.0,77.0,0.0,0.0,0.0,0.0,64.0,50.0,7.0,0.0,0.0,0.0,0.0
681.681681682,16.0,9.0,77.0,0.0,0.0,0.0,0.0,64.0,50.0,7.0,0.0,0.0,0.0,0.0
682.682682683,15.0,8.0,78.0,0.0,0.0,0.0,0.0,64.0,50.0,7.0,0.0,0.0,0.0,0.0
683.683683684,15.0,8.0,78.0,0.0,0.0,0.0,0.0,64.0,50.0,7.0,0.0,0.0,0.0,0.0
684.684684685,15.0,8.0,78.0,0.0,0.0,0.0,0.0,64.0,50.0,7.0,0.0,0.0,0.0,0.0
685.685685686,16.0,8.0,77.0,0.0,0.0,0.0,0.0,65.0,50.0,7.0,0.0,0.0,0.0,0.0
686.686686687,16.0,8.0,77.0,0.0,0.0,0.0,0.0,65.0,50.0,7.0,0.0,0.0,0.0,0.0
687.687687688,16.0,8.0,77.0,0.0,0.0,0.0,0.0,65.0,50.0,7.0,0.0,0.0,0.0,0.0
688.688688689,16.0,8.0,77.0,0.0,0.0,0.0,0.0,65.0,50.0,7.0,0.0,0.0,0.0,0.0
689.68968969,16.0,8.0,77.0,0.0,0.0,0.0,0.0,65.0,50.0,7.0,0.0,0.0,0.0,0.0
690.690690691,16.0,8.0,77.0,0.0,0.0,0.0,0.0,65.0,50.0,7.0,0.0,0.0,0.0,0.0
691.691691692,17.0,8.0,76.0,0.0,0.0,0.0,0.0,66.0,50.0,7.0,0.0,0.0,0.0,0.0
692.692692693,17.0,8.0,76.0,0.0,0.0,0.0,0.0,66.0,50.0,7.0,0.0,0.0,0.0,0.0
693.693693694,17.0,8.0,76.0,0.0,0.0,0.0,0.0,66.0,50.0,7.0,0.0,0.0,0.0,0.0
694.694694695,17.0,8.0,76.0,0.0,0.0,0.0,0.0,66.0,50.0,7.0,0.0,0.0,0.0,0.0
695.695695696,17.0,7.0,76.0,0.0,0.0,0.0,0.0,67.0,50.0,7.0,0.0,0.0,0.0,0.0
696.696696697,17.0,7.0,76.0,0.0,0.0,0.0,0.0,67.0,50.0,7.0,0.0,0.0,0.0,0.0
697.697697698,17.0,7.0,76.0,0.0,0.0,0.0,0.0,67.0,50.0,7.0,0.0,0.0,0.0,0.0
698.698698699,16.0,7.0,77.0,0.0,0.0,0.0,0.0,67.0,51.0,7.0,0.0,0.0,0.0,0.0
699.6996997,17.0,7.0,76.0,0.0,0.0,0.0,0.0,68.0,51.0,7.0,0.0,0.0,0.0,0.0
700.700700701,17.0,7.0,76.0,0.0,0.0,0.0,0.0,68.0,51.0,7.0,0.0,0.0,0.0,0.0
701.701701702,17.0,7.0,76.0,0.0,0.0,0.0,0.0,68.0,51.0,7.0,0.0,0.0,0.0,0.0
702.702702703,16.0,6.0,77.0,0.0,0.0,0.0,0.0,68.0,51.0,7.0,0.0,0.0,0.0,0.0
703.703703704,16.0,6.0,77.0,0.0,0.0,0.0,0.0,68.0,51.0,7.0,0.0,0.0,0.0,0.0
704.704704705,16.0,7.0,77.0,0.0,0.0,0.0,0.0,68.0,52.0,7.0,0.0,0.0,0.0,0.0
705.705705706,16.0,7.0,77.0,0.0,0.0,0.0,0.0,68.0,52.0,7.0,0.0,0.0,0.0,0.0
706.706706707,16.0,7.0,77.0,0.0,0.0,0.0,0.0,68.0,52.0,7.0,0.0,0.0,0.0,0.0
707.707707708,16.0,7.0,77.0,0.0,0.0,0.0,0.0,68.0,52.0,7.0,0.0,0.0,0.0,0.0
708.708708709,15.0,6.0,78.0,0.0,0.0,0.0,0.0,68.0,52.0,7.0,0.0,0.0,0.0,0.0
709.70970971,15.0,6.0,78.0,0.0,0.0,0.0,0.0,68.0,52.0,7.0,0.0,0.0,0.0,0.0
710.710710711,15.0,6.0,78.0,0.0,0.0,0.0,0.0,68.0,52.0,7.0,0.0,0.0,0.0,0.0
711.711711712,15.0,6.0,78.0,0.0,0.0,0.0,0.0,68.0,52.0,7.0,0.0,0.0,0.0,0.0
712.712712713,16.0,6.0,77.0,0.0,0.0,0.0,0.0,69.0,52.0,7.0,0.0,0.0,0.0,0.0
713.713713714,16.0,7.0,77.0,0.0,0.0,0.0,0.0,69.0,53.0,7.0,0.0,0.0,0.0,0.0
714.714714715,16.0,7.0,77.0,0.0,0.0,0.0,0.0,69.0,53.0,7.0,0.0,0.0,0.0,0.0
715.715715716,16.0,8.0,77.0,0.0,0.0,0.0,0.0,69.0,54.0,7.0,0.0,0.0,0.0,0.0
716.716716717,16.0,8.0,77.0,0.0,0.0,0.0,0.0,69.0,54.0,7.0,0.0,0.0,0.0,0.0
717.717717718,16.0,8.0,77.0,0.0,0.0,0.0,0.0,69.0,54.0,7.0,0.0,0.0,0.0,0.0
718.718718719,15.0,7.0,78.0,0.0,0.0,0.0,0.0,69.0,54.0,7.0,0.0,0.0,0.0,0.0
719.71971972,15.0,7.0,78.0,0.0,0.0,0.0,0.0,69.0,54.0,7.0,0.0,0.0,0.0,0.0
720.720720721,16.0,7.0,77.0,0.0,0.0,0.0,0.0,70.0,54.0,7.0,0.0,0.0,0.0,0.0
721.721721722,16.0,7.0,77.0,0.0,0.0,0.0,0.0,70.0,54.0,7.0,0.0,0.0,0.0,0.0
722.722722723,16.0,7.0,77.0,0.0,0.0,0.0,0.0,70.0,54.0,7.0,0.0,0.0,0.0,0.0
723.723723724,17.0,7.0,76.0,0.0,0.0,0.0,0.0,71.0,54.0,7.0,0.0,0.0,0.0,0.0
724.724724725,17.0,7.0,76.0,0.0,0.0,0.0,0.0,71.0,54.0,7.0,0.0,0.0,0.0,0.0
725.725725726,17.0,7.0,76.0,0.0,0.0,0.0,0.0,71.0,54.0,7.0,0.0,0.0,0.0,0.0
726.726726727,17.0,7.0,76.0,0.0,0.0,0.0,0.0,71.0,54.0,7.0,0.0,0.0,0.0,0.0
727.727727728,17.0,7.0,76.0,0.0,0.0,0.0,0.0,71.0,54.0,7.0,0.0,0.0,0.0,0.0
728.728728729,17.0,7.0,76.0,0.0,0.0,0.0,0.0,71.0,54.0,7.0,0.0,0.0,0.0,0.0
729.72972973,17.0,7.0,76.0,0.0,0.0,0.0,0.0,71.0,54.0,7.0,0.0,0.0,0.0,0.0
730.730730731,17.0,7.0,76.0,0.0,0.0,0.0,0.0,71.0,54.0,7.0,0.0,0.0,0.0,0.0
731.731731732,16.0,6.0,77.0,0.0,0.0,0.0,0.0,71.0,54.0,7.0,0.0,0.0,0.0,0.0
732.732732733,17.0,6.0,76.0,0.0,0.0,0.0,0.0,72.0,54.0,7.0,0.0,0.0,0.0,0.0
733.733733734,17.0,6.0,76.0,0.0,0.0,0.0,0.0,72.0,54.0,7.0,0.0,0.0,0.0,0.0
734.734734735,17.0,6.0,76.0,0.0,0.0,0.0,0.0,72.0,54.0,7.0,0.0,0.0,0.0,0.0
735.735735736,17.0,6.0,76.0,0.0,0.0,0.0,0.0,72.0,54.0,7.0,0.0,0.0,0.0,0.0
736.736736737,16.0,6.0,76.0,0.0,0.0,0.0,0.0,72.0,54.0,8.0,0.0,0.0,0.0,0.0
737.737737738,15.0,5.0,77.0,0.0,0.0,0.0,0.0,72.0,54.0,8.0,0.0,0.0,0.0,0.0
738.738738739,15.0,5.0,77.0,0.0,0.0,0.0,0.0,72.0,54.0,8.0,0.0,0.0,0.0,0.0
739.73973974,15.0,5.0,77.0,0.0,0.0,0.0,0.0,72.0,54.0,8.0,0.0,0.0,0.0,0.0
740.740740741,15.0,5.0,77.0,0.0,0.0,0.0,0.0,72.0,54.0,8.0,0.0,0.0,0.0,0.0
741.741741742,15.0,5.0,77.0,0.0,0.0,0.0,0.0,72.0,54.0,8.0,0.0,0.0,0.0,0.0
742.742742743,15.0,5.0,77.0,0.0,0.0,0.0,0.0,72.0,54.0,8.0,0.0,0.0,0.0,0.0
743.743743744,15.0,5.0,77.0,0.0,0.0,0.0,0.0,72.0,54.0,8.0,0.0,0.0,0.0,0.0
744.744744745,15.0,5.0,77.0,0.0,0.0,0.0,0.0,72.0,54.0,8.0,0.0,0.0,0.0,0.0
745.745745746,15.0,5.0,77.0,0.0,0.0,0.0,0.0,72.0,54.0,8.0,0.0,0.0,0.0,0.0
746.746746747,15.0,5.0,77.0,0.0,0.0,0.0,0.0,72.0,54.0,8.0,0.0,0.0,0.0,0.0
747.747747748,15.0,5.0,77.0,0.0,0.0,0.0,0.0,72.0,54.0,8.0,0.0,0.0,0.0,0.0
748.748748749,15.0,5.0,77.0,0.0,0.0,0.0,0.0,72.0,54.0,8.0,0.0,0.0,0.0,0.0
749.74974975,15.0,5.0,77.0,0.0,0.0,0.0,0.0,72.0,54.0,8.0,0.0,0.0,0.0,0.0
750.750750751,15.0,5.0,77.0,0.0,0.0,0.0,0.0,72.0,54.0,8.0,0.0,0.0,0.0,0.0
751.751751752,15.0,5.0,77.0,0.0,0.0,0.0,0.0,72.0,54.0,8.0,0.0,0.0,0.0,0.0
752.752752753,15.0,5.0,77.0,0.0,0.0,0.0,0.0,72.0,54.0,8.0,0.0,0.0,0.0,0.0
753.753753754,16.0,5.0,76.0,0.0,0.0,0.0,0.0,73.0,54.0,8.0,0.0,0.0,0.0,0.0
754.754754755,17.0,5.0,75.0,0.0,0.0,0.0,0.0,74.0,54.0,8.0,0.0,0.0,0.0,0.0
755.755755756,15.0,3.0,77.0,0.0,0.0,0.0,0.0,74.0,54.0,8.0,0.0,0.0,0.0,0.0
756.756756757,15.0,3.0,77.0,0.0,0.0,0.0,0.0,74.0,54.0,8.0,0.0,0.0,0.0,0.0
757.757757758,14.0,2.0,78.0,0.0,0.0,0.0,0.0,74.0,54.0,8.0,0.0,0.0,0.0,0.0
758.758758759,14.0,2.0,78.0,0.0,0.0,0.0,0.0,74.0,54.0,8.0,0.0,0.0,0.0,0.0
759.75975976,14.0,2.0,78.0,0.0,0.0,0.0,0.0,74.0,54.0,8.0,0.0,0.0,0.0,0.0
760.760760761,14.0,2.0,78.0,0.0,0.0,0.0,0.0,74.0,54.0,8.0,0.0,0.0,0.0,0.0
761.761761762,14.0,3.0,78.0,0.0,0.0,0.0,0.0,74.0,55.0,8.0,0.0,0.0,0.0,0.0
762.762762763,14.0,3.0,78.0,0.0,0.0,0.0,0.0,74.0,55.0,8.0,0.0,0.0,0.0,0.0
763.763763764,14.0,3.0,78.0,0.0,0.0,0.0,0.0,74.0,55.0,8.0,0.0,0.0,0.0,0.0
764.764764765,15.0,3.0,77.0,0.0,0.0,0.0,0.0,75.0,55.0,8.0,0.0,0.0,0.0,0.0
765.765765766,16.0,3.0,76.0,0.0,0.0,0.0,0.0,76.0,55.0,8.0,0.0,0.0,0.0,0.0
766.766766767,15.0,2.0,77.0,0.0,0.0,0.0,0.0,76.0,55.0,8.0,0.0,0.0,0.0,0.0
767.767767768,15.0,2.0,77.0,0.0,0.0,0.0,0.0,76.0,55.0,8.0,0.0,0.0,0.0,0.0
768.768768769,15.0,2.0,77.0,0.0,0.0,0.0,0.0,76.0,55.0,8.0,0.0,0.0,0.0,0.0
769.76976977,15.0,2.0,77.0,0.0,0.0,0.0,0.0,76.0,55.0,8.0,0.0,0.0,0.0,0.0
770.770770771,16.0,2.0,76.0,0.0,0.0,0.0,0.0,77.0,55.0,8.0,0.0,0.0,0.0,0.0
771.771771772,16.0,2.0,76.0,0.0,0.0,0.0,0.0,77.0,55.0,8.0,0.0,0.0,0.0,0.0
772.772772773,16.0,2.0,76.0,0.0,0.0,0.0,0.0,77.0,55.0,8.0,0.0,0.0,0.0,0.0
773.773773774,16.0,2.0,76.0,0.0,0.0,0.0,0.0,77.0,55.0,8.0,0.0,0.0,0.0,0.0
774.774774775,16.0,2.0,76.0,0.0,0.0,0.0,0.0,77.0,55.0,8.0,0.0,0.0,0.0,0.0
775.775775776,16.0,2.0,76.0,0.0,0.0,0.0,0.0,77.0,55.0,8.0,0.0,0.0,0.0,0.0
776.776776777,16.0,2.0,76.0,0.0,0.0,0.0,0.0,77.0,55.0,8.0,0.0,0.0,0.0,0.0
777.777777778,16.0,2.0,76.0,0.0,0.0,0.0,0.0,77.0,55.0,8.0,0.0,0.0,0.0,0.0
778.778778779,16.0,2.0,76.0,0.0,0.0,0.0,0.0,77.0,55.0,8.0,0.0,0.0,0.0,0.0
779.77977978,15.0,1.0,77.0,0.0,0.0,0.0,0.0,77.0,55.0,8.0,0.0,0.0,0.0,0.0
780.780780781,15.0,2.0,77.0,0.0,0.0,0.0,0.0,77.0,56.0,8.0,0.0,0.0,0.0,0.0
781.781781782,15.0,3.0,77.0,0.0,0.0,0.0,0.0,77.0,57.0,8.0,0.0,0.0,0.0,0.0
782.782782783,15.0,3.0,77.0,0.0,0.0,0.0,0.0,77.0,57.0,8.0,0.0,0.0,0.0,0.0
783.783783784,14.0,2.0,78.0,0.0,0.0,0.0,0.0,77.0,57.0,8.0,0.0,0.0,0.0,0.0
784.784784785,14.0,2.0,78.0,0.0,0.0,0.0,0.0,77.0,57.0,8.0,0.0,0.0,0.0,0.0
785.785785786,14.0,2.0,78.0,0.0,0.0,0.0,0.0,77.0,57.0,8.0,0.0,0.0,0.0,0.0
786.786786787,14.0,2.0,78.0,0.0,0.0,0.0,0.0,77.0,57.0,8.0,0.0,0.0,0.0,0.0
787.787787788,14.0,2.0,78.0,0.0,0.0,0.0,0.0,77.0,57.0,8.0,0.0,0.0,0.0,0.0
788.788788789,14.0,2.0,78.0,0.0,0.0,0.0,0.0,77.0,57.0,8.0,0.0,0.0,0.0,0.0
789.78978979,14.0,2.0,78.0,0.0,0.0,0.0,0.0,77.0,57.0,8.0,0.0,0.0,0.0,0.0
790.790790791,14.0,2.0,78.0,0.0,0.0,0.0,0.0,77.0,57.0,8.0,0.0,0.0,0.0,0.0
791.791791792,14.0,2.0,78.0,0.0,0.0,0.0,0.0,77.0,57.0,8.0,0.0,0.0,0.0,0.0
792.792792793,15.0,3.0,77.0,0.0,0.0,0.0,0.0,78.0,58.0,8.0,0.0,0.0,0.0,0.0
793.793793794,15.0,3.0,77.0,0.0,0.0,0.0,0.0,78.0,58.0,8.0,0.0,0.0,0.0,0.0
794.794794795,15.0,3.0,77.0,0.0,0.0,0.0,0.0,78.0,58.0,8.0,0.0,0.0,0.0,0.0
795.795795796,15.0,3.0,77.0,0.0,0.0,0.0,0.0,78.0,58.0,8.0,0.0,0.0,0.0,0.0
796.796796797,16.0,3.0,76.0,0.0,0.0,0.0,0.0,79.0,58.0,8.0,0.0,0.0,0.0,0.0
797.797797798,16.0,3.0,76.0,0.0,0.0,0.0,0.0,79.0,58.0,8.0,0.0,0.0,0.0,0.0
798.798798799,15.0,3.0,76.0,0.0,0.0,0.0,0.0,79.0,58.0,9.0,0.0,0.0,0.0,0.0
799.7997998,15.0,3.0,76.0,0.0,0.0,0.0,0.0,79.0,58.0,9.0,0.0,0.0,0.0,0.0
800.800800801,15.0,3.0,76.0,0.0,0.0,0.0,0.0,79.0,58.0,9.0,0.0,0.0,0.0,0.0
801.801801802,15.0,3.0,76.0,0.0,0.0,0.0,0.0,79.0,58.0,9.0,0.0,0.0,0.0,0.0
802.802802803,15.0,3.0,76.0,0.0,0.0,0.0,0.0,79.0,58.0,9.0,0.0,0.0,0.0,0.0
803.803803804,15.0,3.0,76.0,0.0,0.0,0.0,0.0,79.0,58.0,9.0,0.0,0.0,0.0,0.0
804.804804805,15.0,3.0,76.0,0.0,0.0,0.0,0.0,79.0,58.0,9.0,0.0,0.0,0.0,0.0
805.805805806,15.0,3.0,76.0,0.0,0.0,0.0,0.0,79.0,58.0,9.0,0.0,0.0,0.0,0.0
806.806806807,15.0,4.0,76.0,0.0,0.0,0.0,0.0,79.0,59.0,9.0,0.0,0.0,0.0,0.0
807.807807808,15.0,4.0,76.0,0.0,0.0,0.0,0.0,79.0,59.0,9.0,0.0,0.0,0.0,0.0
808.808808809,15.0,4.0,76.0,0.0,0.0,0.0,0.0,79.0,59.0,9.0,0.0,0.0,0.0,0.0
809.80980981,15.0,4.0,76.0,0.0,0.0,0.0,0.0,79.0,59.0,9.0,0.0,0.0,0.0,0.0
810.810810811,15.0,4.0,76.0,0.0,0.0,0.0,0.0,79.0,59.0,9.0,0.0,0.0,0.0,0.0
811.811811812,15.0,4.0,76.0,0.0,0.0,0.0,0.0,79.0,59.0,9.0,0.0,0.0,0.0,0.0
812.812812813,15.0,4.0,76.0,0.0,0.0,0.0,0.0,79.0,59.0,9.0,0.0,0.0,0.0,0.0
813.813813814,15.0,4.0,76.0,0.0,0.0,0.0,0.0,79.0,59.0,9.0,0.0,0.0,0.0,0.0
814.814814815,15.0,4.0,76.0,0.0,0.0,0.0,0.0,79.0,59.0,9.0,0.0,0.0,0.0,0.0
815.815815816,15.0,4.0,76.0,0.0,0.0,0.0,0.0,79.0,59.0,9.0,0.0,0.0,0.0,0.0
816.816816817,15.0,4.0,76.0,0.0,0.0,0.0,0.0,79.0,59.0,9.0,0.0,0.0,0.0,0.0
817.817817818,14.0,3.0,77.0,0.0,0.0,0.0,0.0,79.0,59.0,9.0,0.0,0.0,0.0,0.0
818.818818819,15.0,3.0,76.0,0.0,0.0,0.0,0.0,80.0,59.0,9.0,0.0,0.0,0.0,0.0
819.81981982,15.0,3.0,76.0,0.0,0.0,0.0,0.0,80.0,59.0,9.0,0.0,0.0,0.0,0.0
820.820820821,15.0,3.0,76.0,0.0,0.0,0.0,0.0,80.0,59.0,9.0,0.0,0.0,0.0,0.0
821.821821822,15.0,3.0,76.0,0.0,0.0,0.0,0.0,80.0,59.0,9.0,0.0,0.0,0.0,0.0
822.822822823,15.0,3.0,76.0,0.0,0.0,0.0,0.0,80.0,59.0,9.0,0.0,0.0,0.0,0.0
823.823823824,15.0,3.0,76.0,0.0,0.0,0.0,0.0,80.0,59.0,9.0,0.0,0.0,0.0,0.0
824.824824825,15.0,3.0,76.0,0.0,0.0,0.0,0.0,80.0,59.0,9.0,0.0,0.0,0.0,0.0
825.825825826,15.0,3.0,76.0,0.0,0.0,0.0,0.0,80.0,59.0,9.0,0.0,0.0,0.0,0.0
826.826826827,14.0,3.0,76.0,0.0,0.0,0.0,0.0,80.0,59.0,10.0,0.0,0.0,0.0,0.0
827.827827828,14.0,3.0,76.0,0.0,0.0,0.0,0.0,80.0,59.0,10.0,0.0,0.0,0.0,0.0
828.828828829,14.0,3.0,76.0,0.0,0.0,0.0,0.0,80.0,59.0,10.0,0.0,0.0,0.0,0.0
829.82982983,14.0,3.0,76.0,0.0,0.0,0.0,0.0,80.0,59.0,10.0,0.0,0.0,0.0,0.0
830.830830831,14.0,3.0,76.0,0.0,0.0,0.0,0.0,80.0,59.0,10.0,0.0,0.0,0.0,0.0
831.831831832,14.0,3.0,76.0,0.0,0.0,0.0,0.0,80.0,59.0,10.0,0.0,0.0,0.0,0.0
832.832832833,14.0,3.0,76.0,0.0,0.0,0.0,0.0,80.0,59.0,10.0,0.0,0.0,0.0,0.0
833.833833834,14.0,3.0,76.0,0.0,0.0,0.0,0.0,80.0,59.0,10.0,0.0,0.0,0.0,0.0
834.834834835,12.0,2.0,77.0,0.0,0.0,0.0,0.0,80.0,59.0,11.0,0.0,0.0,0.0,0.0
835.835835836,12.0,3.0,77.0,0.0,0.0,0.0,0.0,80.0,60.0,11.0,0.0,0.0,0.0,0.0
836.836836837,12.0,3.0,77.0,0.0,0.0,0.0,0.0,80.0,60.0,11.0,0.0,0.0,0.0,0.0
837.837837838,12.0,3.0,77.0,0.0,0.0,0.0,0.0,80.0,60.0,11.0,0.0,0.0,0.0,0.0
838.838838839,12.0,3.0,77.0,0.0,0.0,0.0,0.0,80.0,60.0,11.0,0.0,0.0,0.0,0.0
839.83983984,12.0,3.0,77.0,0.0,0.0,0.0,0.0,80.0,60.0,11.0,0.0,0.0,0.0,0.0
840.840840841,12.0,3.0,77.0,0.0,0.0,0.0,0.0,80.0,60.0,11.0,0.0,0.0,0.0,0.0
841.841841842,12.0,3.0,77.0,0.0,0.0,0.0,0.0,80.0,60.0,11.0,0.0,0.0,0.0,0.0
842.842842843,12.0,3.0,77.0,0.0,0.0,0.0,0.0,80.0,60.0,11.0,0.0,0.0,0.0,0.0
843.843843844,12.0,3.0,77.0,0.0,0.0,0.0,0.0,80.0,60.0,11.0,0.0,0.0,0.0,0.0
844.844844845,12.0,3.0,77.0,0.0,0.0,0.0,0.0,80.0,60.0,11.0,0.0,0.0,0.0,0.0
845.845845846,12.0,3.0,77.0,0.0,0.0,0.0,0.0,80.0,60.0,11.0,0.0,0.0,0.0,0.0
846.846846847,12.0,4.0,77.0,0.0,0.0,0.0,0.0,80.0,61.0,11.0,0.0,0.0,0.0,0.0
847.847847848,12.0,4.0,77.0,0.0,0.0,0.0,0.0,80.0,61.0,11.0,0.0,0.0,0.0,0.0
848.848848849,12.0,4.0,77.0,0.0,0.0,0.0,0.0,80.0,61.0,11.0,0.0,0.0,0.0,0.0
849.84984985,12.0,4.0,77.0,0.0,0.0,0.0,0.0,80.0,61.0,11.0,0.0,0.0,0.0,0.0
850.850850851,12.0,5.0,77.0,0.0,0.0,0.0,0.0,80.0,62.0,11.0,0.0,0.0,0.0,0.0
851.851851852,12.0,5.0,77.0,0.0,0.0,0.0,0.0,80.0,62.0,11.0,0.0,0.0,0.0,0.0
852.852852853,14.0,5.0,75.0,0.0,0.0,0.0,0.0,82.0,62.0,11.0,0.0,0.0,0.0,0.0
853.853853854,14.0,5.0,75.0,0.0,0.0,0.0,0.0,82.0,62.0,11.0,0.0,0.0,0.0,0.0
854.854854855,15.0,5.0,74.0,0.0,0.0,0.0,0.0,83.0,62.0,11.0,0.0,0.0,0.0,0.0
855.855855856,15.0,5.0,74.0,0.0,0.0,0.0,0.0,83.0,62.0,11.0,0.0,0.0,0.0,0.0
856.856856857,15.0,5.0,74.0,0.0,0.0,0.0,0.0,83.0,62.0,11.0,0.0,0.0,0.0,0.0
857.857857858,15.0,5.0,74.0,0.0,0.0,0.0,0.0,83.0,62.0,11.0,0.0,0.0,0.0,0.0
858.858858859,15.0,5.0,74.0,0.0,0.0,0.0,0.0,83.0,62.0,11.0,0.0,0.0,0.0,0.0
859.85985986,14.0,5.0,75.0,0.0,0.0,0.0,0.0,83.0,63.0,11.0,0.0,0.0,0.0,0.0
860.860860861,14.0,5.0,75.0,0.0,0.0,0.0,0.0,83.0,63.0,11.0,0.0,0.0,0.0,0.0
861.861861862,14.0,5.0,75.0,0.0,0.0,0.0,0.0,83.0,63.0,11.0,0.0,0.0,0.0,0.0
862.862862863,13.0,4.0,76.0,0.0,0.0,0.0,0.0,83.0,63.0,11.0,0.0,0.0,0.0,0.0
863.863863864,13.0,4.0,76.0,0.0,0.0,0.0,0.0,83.0,63.0,11.0,0.0,0.0,0.0,0.0
864.864864865,13.0,4.0,76.0,0.0,0.0,0.0,0.0,83.0,63.0,11.0,0.0,0.0,0.0,0.0
865.865865866,13.0,4.0,76.0,0.0,0.0,0.0,0.0,83.0,63.0,11.0,0.0,0.0,0.0,0.0
866.866866867,13.0,5.0,76.0,0.0,0.0,0.0,0.0,83.0,64.0,11.0,0.0,0.0,0.0,0.0
867.867867868,13.0,5.0,76.0,0.0,0.0,0.0,0.0,83.0,64.0,11.0,0.0,0.0,0.0,0.0
868.868868869,13.0,5.0,76.0,0.0,0.0,0.0,0.0,83.0,64.0,11.0,0.0,0.0,0.0,0.0
869.86986987,13.0,5.0,76.0,0.0,0.0,0.0,0.0,83.0,64.0,11.0,0.0,0.0,0.0,0.0
870.870870871,13.0,6.0,76.0,0.0,0.0,0.0,0.0,83.0,65.0,11.0,0.0,0.0,0.0,0.0
871.871871872,13.0,6.0,76.0,0.0,0.0,0.0,0.0,83.0,65.0,11.0,0.0,0.0,0.0,0.0
872.872872873,13.0,6.0,76.0,0.0,0.0,0.0,0.0,83.0,65.0,11.0,0.0,0.0,0.0,0.0
873.873873874,13.0,6.0,76.0,0.0,0.0,0.0,0.0,83.0,65.0,11.0,0.0,0.0,0.0,0.0
874.874874875,13.0,6.0,76.0,0.0,0.0,0.0,0.0,83.0,65.0,11.0,0.0,0.0,0.0,0.0
875.875875876,13.0,6.0,76.0,0.0,0.0,0.0,0.0,83.0,65.0,11.0,0.0,0.0,0.0,0.0
876.876876877,13.0,6.0,76.0,0.0,0.0,0.0,0.0,83.0,65.0,11.0,0.0,0.0,0.0,0.0
877.877877878,13.0,6.0,76.0,0.0,0.0,0.0,0.0,83.0,65.0,11.0,0.0,0.0,0.0,0.0
878.878878879,13.0,6.0,76.0,0.0,0.0,0.0,0.0,83.0,65.0,11.0,0.0,0.0,0.0,0.0
879.87987988,13.0,6.0,76.0,0.0,0.0,0.0,0.0,83.0,65.0,11.0,0.0,0.0,0.0,0.0
880.880880881,13.0,6.0,76.0,0.0,0.0,0.0,0.0,83.0,65.0,11.0,0.0,0.0,0.0,0.0
881.881881882,13.0,6.0,76.0,0.0,0.0,0.0,0.0,83.0,65.0,11.0,0.0,0.0,0.0,0.0
882.882882883,13.0,6.0,76.0,0.0,0.0,0.0,0.0,83.0,65.0,11.0,0.0,0.0,0.0,0.0
883.883883884,13.0,6.0,76.0,0.0,0.0,0.0,0.0,83.0,65.0,11.0,0.0,0.0,0.0,0.0
884.884884885,12.0,5.0,77.0,0.0,0.0,0.0,0.0,83.0,65.0,11.0,0.0,0.0,0.0,0.0
885.885885886,12.0,5.0,77.0,0.0,0.0,0.0,0.0,83.0,65.0,11.0,0.0,0.0,0.0,0.0
886.886886887,12.0,5.0,77.0,0.0,0.0,0.0,0.0,83.0,65.0,11.0,0.0,0.0,0.0,0.0
887.887887888,12.0,5.0,77.0,0.0,0.0,0.0,0.0,83.0,65.0,11.0,0.0,0.0,0.0,0.0
888.888888889,11.0,4.0,78.0,0.0,0.0,0.0,0.0,83.0,65.0,11.0,0.0,0.0,0.0,0.0
889.88988989,11.0,4.0,78.0,0.0,0.0,0.0,0.0,83.0,65.0,11.0,0.0,0.0,0.0,0.0
890.890890891,11.0,4.0,78.0,0.0,0.0,0.0,0.0,83.0,65.0,11.0,0.0,0.0,0.0,0.0
891.891891892,11.0,4.0,78.0,0.0,0.0,0.0,0.0,83.0,65.0,11.0,0.0,0.0,0.0,0.0
892.892892893,11.0,4.0,78.0,0.0,0.0,0.0,0.0,83.0,65.0,11.0,0.0,0.0,0.0,0.0
893.893893894,11.0,4.0,78.0,0.0,0.0,0.0,0.0,83.0,65.0,11.0,0.0,0.0,0.0,0.0
894.894894895,11.0,4.0,78.0,0.0,0.0,0.0,0.0,83.0,65.0,11.0,0.0,0.0,0.0,0.0
895.895895896,11.0,4.0,78.0,0.0,0.0,0.0,0.0,83.0,65.0,11.0,0.0,0.0,0.0,0.0
896.896896897,10.0,3.0,79.0,0.0,0.0,0.0,0.0,83.0,65.0,11.0,0.0,0.0,0.0,0.0
897.897897898,10.0,3.0,79.0,0.0,0.0,0.0,0.0,83.0,65.0,11.0,0.0,0.0,0.0,0.0
898.898898899,10.0,3.0,79.0,0.0,0.0,0.0,0.0,83.0,65.0,11.0,0.0,0.0,0.0,0.0
899.8998999,10.0,3.0,79.0,0.0,0.0,0.0,0.0,83.0,65.0,11.0,0.0,0.0,0.0,0.0
900.900900901,10.0,3.0,79.0,0.0,0.0,0.0,0.0,83.0,65.0,11.0,0.0,0.0,0.0,0.0
901.901901902,10.0,3.0,79.0,0.0,0.0,0.0,0.0,83.0,65.0,11.0,0.0,0.0,0.0,0.0
902.902902903,10.0,3.0,79.0,0.0,0.0,0.0,0.0,83.0,65.0,11.0,0.0,0.0,0.0,0.0
903.903903904,10.0,3.0,79.0,0.0,0.0,0.0,0.0,83.0,65.0,11.0,0.0,0.0,0.0,0.0
904.904904905,10.0,3.0,79.0,0.0,0.0,0.0,0.0,83.0,65.0,11.0,0.0,0.0,0.0,0.0
905.905905906,10.0,4.0,79.0,0.0,0.0,0.0,0.0,83.0,66.0,11.0,0.0,0.0,0.0,0.0
906.906906907,10.0,4.0,79.0,0.0,0.0,0.0,0.0,83.0,66.0,11.0,0.0,0.0,0.0,0.0
907.907907908,10.0,4.0,79.0,0.0,0.0,0.0,0.0,83.0,66.0,11.0,0.0,0.0,0.0,0.0
908.908908909,10.0,4.0,79.0,0.0,0.0,0.0,0.0,83.0,66.0,11.0,0.0,0.0,0.0,0.0
909.90990991,10.0,4.0,79.0,0.0,0.0,0.0,0.0,83.0,66.0,11.0,0.0,0.0,0.0,0.0
910.910910911,10.0,4.0,79.0,0.0,0.0,0.0,0.0,83.0,66.0,11.0,0.0,0.0,0.0,0.0
911.911911912,10.0,4.0,79.0,0.0,0.0,0.0,0.0,83.0,66.0,11.0,0.0,0.0,0.0,0.0
912.912912913,9.0,3.0,80.0,0.0,0.0,0.0,0.0,83.0,66.0,11.0,0.0,0.0,0.0,0.0
913.913913914,9.0,3.0,80.0,0.0,0.0,0.0,0.0,83.0,66.0,11.0,0.0,0.0,0.0,0.0
914.914914915,9.0,3.0,80.0,0.0,0.0,0.0,0.0,83.0,66.0,11.0,0.0,0.0,0.0,0.0
915.915915916,9.0,3.0,80.0,0.0,0.0,0.0,0.0,83.0,66.0,11.0,0.0,0.0,0.0,0.0
916.916916917,9.0,3.0,80.0,0.0,0.0,0.0,0.0,83.0,66.0,11.0,0.0,0.0,0.0,0.0
917.917917918,9.0,3.0,80.0,0.0,0.0,0.0,0.0,83.0,66.0,11.0,0.0,0.0,0.0,0.0
918.918918919,9.0,3.0,80.0,0.0,0.0,0.0,0.0,83.0,66.0,11.0,0.0,0.0,0.0,0.0
919.91991992,9.0,3.0,80.0,0.0,0.0,0.0,0.0,83.0,66.0,11.0,0.0,0.0,0.0,0.0
920.920920921,9.0,3.0,80.0,0.0,0.0,0.0,0.0,83.0,66.0,11.0,0.0,0.0,0.0,0.0
921.921921922,9.0,3.0,80.0,0.0,0.0,0.0,0.0,83.0,66.0,11.0,0.0,0.0,0.0,0.0
922.922922923,9.0,3.0,80.0,0.0,0.0,0.0,0.0,83.0,66.0,11.0,0.0,0.0,0.0,0.0
923.923923924,9.0,4.0,80.0,0.0,0.0,0.0,0.0,83.0,67.0,11.0,0.0,0.0,0.0,0.0
924.924924925,9.0,4.0,80.0,0.0,0.0,0.0,0.0,83.0,67.0,11.0,0.0,0.0,0.0,0.0
925.925925926,9.0,4.0,80.0,0.0,0.0,0.0,0.0,83.0,67.0,11.0,0.0,0.0,0.0,0.0
926.926926927,9.0,4.0,80.0,0.0,0.0,0.0,0.0,83.0,67.0,11.0,0.0,0.0,0.0,0.0
927.927927928,9.0,4.0,80.0,0.0,0.0,0.0,0.0,83.0,67.0,11.0,0.0,0.0,0.0,0.0
928.928928929,9.0,4.0,80.0,0.0,0.0,0.0,0.0,83.0,67.0,11.0,0.0,0.0,0.0,0.0
929.92992993,9.0,4.0,80.0,0.0,0.0,0.0,0.0,83.0,67.0,11.0,0.0,0.0,0.0,0.0
930.930930931,9.0,4.0,80.0,0.0,0.0,0.0,0.0,83.0,67.0,11.0,0.0,0.0,0.0,0.0
931.931931932,9.0,4.0,80.0,0.0,0.0,0.0,0.0,83.0,67.0,11.0,0.0,0.0,0.0,0.0
932.932932933,9.0,4.0,80.0,0.0,0.0,0.0,0.0,83.0,67.0,11.0,0.0,0.0,0.0,0.0
933.933933934,10.0,4.0,79.0,0.0,0.0,0.0,0.0,84.0,67.0,11.0,0.0,0.0,0.0,0.0
934.934934935,10.0,4.0,79.0,0.0,0.0,0.0,0.0,84.0,67.0,11.0,0.0,0.0,0.0,0.0
935.935935936,10.0,4.0,79.0,0.0,0.0,0.0,0.0,84.0,67.0,11.0,0.0,0.0,0.0,0.0
936.936936937,10.0,4.0,79.0,0.0,0.0,0.0,0.0,84.0,67.0,11.0,0.0,0.0,0.0,0.0
937.937937938,10.0,4.0,79.0,0.0,0.0,0.0,0.0,84.0,67.0,11.0,0.0,0.0,0.0,0.0
938.938938939,10.0,4.0,79.0,0.0,0.0,0.0,0.0,84.0,67.0,11.0,0.0,0.0,0.0,0.0
939.93993994,10.0,4.0,79.0,0.0,0.0,0.0,0.0,84.0,67.0,11.0,0.0,0.0,0.0,0.0
940.940940941,11.0,4.0,78.0,0.0,0.0,0.0,0.0,85.0,67.0,11.0,0.0,0.0,0.0,0.0
941.941941942,11.0,4.0,78.0,0.0,0.0,0.0,0.0,85.0,67.0,11.0,0.0,0.0,0.0,0.0
942.942942943,11.0,4.0,78.0,0.0,0.0,0.0,0.0,85.0,67.0,11.0,0.0,0.0,0.0,0.0
943.943943944,11.0,4.0,78.0,0.0,0.0,0.0,0.0,85.0,67.0,11.0,0.0,0.0,0.0,0.0
944.944944945,11.0,4.0,78.0,0.0,0.0,0.0,0.0,85.0,67.0,11.0,0.0,0.0,0.0,0.0
945.945945946,11.0,4.0,78.0,0.0,0.0,0.0,0.0,85.0,67.0,11.0,0.0,0.0,0.0,0.0
946.946946947,12.0,4.0,77.0,0.0,0.0,0.0,0.0,86.0,67.0,11.0,0.0,0.0,0.0,0.0
947.947947948,12.0,4.0,77.0,0.0,0.0,0.0,0.0,86.0,67.0,11.0,0.0,0.0,0.0,0.0
948.948948949,12.0,4.0,77.0,0.0,0.0,0.0,0.0,86.0,67.0,11.0,0.0,0.0,0.0,0.0
949.94994995,12.0,4.0,77.0,0.0,0.0,0.0,0.0,86.0,67.0,11.0,0.0,0.0,0.0,0.0
950.950950951,12.0,4.0,77.0,0.0,0.0,0.0,0.0,86.0,67.0,11.0,0.0,0.0,0.0,0.0
951.951951952,12.0,4.0,77.0,0.0,0.0,0.0,0.0,86.0,67.0,11.0,0.0,0.0,0.0,0.0
952.952952953,12.0,4.0,77.0,0.0,0.0,0.0,0.0,86.0,67.0,11.0,0.0,0.0,0.0,0.0
953.953953954,12.0,4.0,77.0,0.0,0.0,0.0,0.0,86.0,67.0,11.0,0.0,0.0,0.0,0.0
954.954954955,12.0,4.0,77.0,0.0,0.0,0.0,0.0,86.0,67.0,11.0,0.0,0.0,0.0,0.0
955.955955956,13.0,4.0,76.0,0.0,0.0,0.0,0.0,87.0,67.0,11.0,0.0,0.0,0.0,0.0
956.956956957,13.0,4.0,76.0,0.0,0.0,0.0,0.0,87.0,67.0,11.0,0.0,0.0,0.0,0.0
957.957957958,13.0,4.0,76.0,0.0,0.0,0.0,0.0,87.0,67.0,11.0,0.0,0.0,0.0,0.0
958.958958959,13.0,5.0,76.0,0.0,0.0,0.0,0.0,87.0,68.0,11.0,0.0,0.0,0.0,0.0
959.95995996,13.0,5.0,76.0,0.0,0.0,0.0,0.0,87.0,68.0,11.0,0.0,0.0,0.0,0.0
960.960960961,13.0,5.0,76.0,0.0,0.0,0.0,0.0,87.0,68.0,11.0,0.0,0.0,0.0,0.0
961.961961962,13.0,5.0,76.0,0.0,0.0,0.0,0.0,87.0,68.0,11.0,0.0,0.0,0.0,0.0
962.962962963,13.0,6.0,76.0,0.0,0.0,0.0,0.0,87.0,69.0,11.0,0.0,0.0,0.0,0.0
963.963963964,13.0,6.0,76.0,0.0,0.0,0.0,0.0,87.0,69.0,11.0,0.0,0.0,0.0,0.0
964.964964965,13.0,6.0,76.0,0.0,0.0,0.0,0.0,87.0,69.0,11.0,0.0,0.0,0.0,0.0
965.965965966,13.0,6.0,76.0,0.0,0.0,0.0,0.0,87.0,69.0,11.0,0.0,0.0,0.0,0.0
966.966966967,13.0,6.0,76.0,0.0,0.0,0.0,0.0,87.0,69.0,11.0,0.0,0.0,0.0,0.0
967.967967968,13.0,6.0,76.0,0.0,0.0,0.0,0.0,87.0,69.0,11.0,0.0,0.0,0.0,0.0
968.968968969,13.0,6.0,76.0,0.0,0.0,0.0,0.0,87.0,69.0,11.0,0.0,0.0,0.0,0.0
969.96996997,13.0,6.0,76.0,0.0,0.0,0.0,0.0,87.0,69.0,11.0,0.0,0.0,0.0,0.0
970.970970971,13.0,6.0,76.0,0.0,0.0,0.0,0.0,87.0,69.0,11.0,0.0,0.0,0.0,0.0
971.971971972,13.0,6.0,76.0,0.0,0.0,0.0,0.0,87.0,69.0,11.0,0.0,0.0,0.0,0.0
972.972972973,13.0,6.0,76.0,0.0,0.0,0.0,0.0,87.0,69.0,11.0,0.0,0.0,0.0,0.0
973.973973974,13.0,6.0,76.0,0.0,0.0,0.0,0.0,87.0,69.0,11.0,0.0,0.0,0.0,0.0
974.974974975,13.0,6.0,76.0,0.0,0.0,0.0,0.0,87.0,69.0,11.0,0.0,0.0,0.0,0.0
975.975975976,13.0,6.0,76.0,0.0,0.0,0.0,0.0,87.0,69.0,11.0,0.0,0.0,0.0,0.0
976.976976977,13.0,6.0,76.0,0.0,0.0,0.0,0.0,87.0,69.0,11.0,0.0,0.0,0.0,0.0
977.977977978,13.0,6.0,76.0,0.0,0.0,0.0,0.0,87.0,69.0,11.0,0.0,0.0,0.0,0.0
978.978978979,13.0,6.0,76.0,0.0,0.0,0.0,0.0,87.0,69.0,11.0,0.0,0.0,0.0,0.0
979.97997998,13.0,6.0,76.0,0.0,0.0,0.0,0.0,87.0,69.0,11.0,0.0,0.0,0.0,0.0
980.980980981,13.0,6.0,76.0,0.0,0.0,0.0,0.0,87.0,69.0,11.0,0.0,0.0,0.0,0.0
981.981981982,13.0,6.0,76.0,0.0,0.0,0.0,0.0,87.0,69.0,11.0,0.0,0.0,0.0,0.0
982.982982983,13.0,6.0,76.0,0.0,0.0,0.0,0.0,87.0,69.0,11.0,0.0,0.0,0.0,0.0
983.983983984,13.0,6.0,76.0,0.0,0.0,0.0,0.0,87.0,69.0,11.0,0.0,0.0,0.0,0.0
984.984984985,13.0,6.0,76.0,0.0,0.0,0.0,0.0,87.0,69.0,11.0,0.0,0.0,0.0,0.0
985.985985986,12.0,5.0,77.0,0.0,0.0,0.0,0.0,87.0,69.0,11.0,0.0,0.0,0.0,0.0
986.986986987,12.0,5.0,77.0,0.0,0.0,0.0,0.0,87.0,69.0,11.0,0.0,0.0,0.0,0.0
987.987987988,12.0,5.0,77.0,0.0,0.0,0.0,0.0,87.0,69.0,11.0,0.0,0.0,0.0,0.0
988.988988989,12.0,5.0,77.0,0.0,0.0,0.0,0.0,87.0,69.0,11.0,0.0,0.0,0.0,0.0
989.98998999,11.0,5.0,78.0,0.0,0.0,0.0,0.0,87.0,70.0,11.0,0.0,0.0,0.0,0.0
990.990990991,11.0,6.0,78.0,0.0,0.0,0.0,0.0,87.0,71.0,11.0,0.0,0.0,0.0,0.0
991.991991992,11.0,6.0,78.0,0.0,0.0,0.0,0.0,87.0,71.0,11.0,0.0,0.0,0.0,0.0
992.992992993,11.0,6.0,78.0,0.0,0.0,0.0,0.0,87.0,71.0,11.0,0.0,0.0,0.0,0.0
993.993993994,11.0,6.0,78.0,0.0,0.0,0.0,0.0,87.0,71.0,11.0,0.0,0.0,0.0,0.0
994.994994995,11.0,6.0,78.0,0.0,0.0,0.0,0.0,87.0,71.0,11.0,0.0,0.0,0.0,0.0
995.995995996,11.0,6.0,78.0,0.0,0.0,0.0,0.0,87.0,71.0,11.0,0.0,0.0,0.0,0.0
996.996996997,11.0,6.0,78.0,0.0,0.0,0.0,0.0,87.0,71.0,11.0,0.0,0.0,0.0,0.0
997.997997998,12.0,7.0,77.0,0.0,0.0,0.0,0.0,88.0,72.0,11.0,0.0,0.0,0.0,0.0
998.998998999,12.0,7.0,77.0,0.0,0.0,0.0,0.0,88.0,72.0,11.0,0.0,0.0,0.0,0.0
1000.0,12.0,7.0,77.0,0.0,0.0,0.0,0.0,88.0,72.0,11.0,0.0,0.0,0.0,0.0
